{"columns":[{"kind":"Default","name":"episode_id","num_defaults":0,"num_rows":500},{"kind":"Default","name":"id","num_defaults":0,"num_rows":500},{"kind":"Default","name":"inference_params","num_defaults":0,"num_rows":500},{"kind":"Default","name":"input","num_defaults":0,"num_rows":500},{"kind":"Default","name":"output","num_defaults":0,"num_rows":500},{"kind":"Default","name":"output_schema","num_defaults":0,"num_rows":500},{"kind":"Default","name":"timestamp","num_defaults":0,"num_rows":500}],"version":0}