id,target_id,target_type,value,tags
01944339-00dc-7aa2-843a-74ebdf5d5d60,01942e26-4693-7e80-8591-47b98e25d721,episode,a,{}
01944339-00e3-75a3-bc01-8e1b4cb22681,01942e26-4693-7e80-8591-47b98e25d721,episode,b,{}
01944339-00e8-7b01-b15a-402385f65e33,01942e26-4693-7e80-8591-47b98e25d721,episode,c,{}
01944339-00ed-7831-908f-8b6d5140555e,01942e26-4693-7e80-8591-47b98e25d721,episode,d,{}
01944339-00f0-7de1-96c5-b2830d5290aa,01942e26-4693-7e80-8591-47b98e25d721,episode,e,{}
01944339-00f6-7921-9589-5e8870c808a7,01942e26-4693-7e80-8591-47b98e25d721,episode,f,{}
01944339-00fa-7243-927d-cf02e1ea86a3,01942e26-4693-7e80-8591-47b98e25d721,episode,g,{}
01944339-00fd-7263-8632-9db67b18b6ae,01942e26-4693-7e80-8591-47b98e25d721,episode,h,{}
01944339-0100-70d2-a471-31cf714338ed,01942e26-4693-7e80-8591-47b98e25d721,episode,i,{}
01944339-0103-72f3-bfa4-8e6755a52f66,01942e26-4693-7e80-8591-47b98e25d721,episode,j,{}
01944339-0106-7993-99ed-a459f702c019,01942e26-4693-7e80-8591-47b98e25d721,episode,k,{}
01944339-010a-73a0-a7c4-f395b75ff3d2,01942e26-4693-7e80-8591-47b98e25d721,episode,l,{}
01944339-010d-7a51-8c96-75192c44098c,01942e26-4693-7e80-8591-47b98e25d721,episode,m,{}
01944339-0110-7951-9624-5d749732d942,01942e26-4693-7e80-8591-47b98e25d721,episode,n,{}
01944339-0113-75d1-bfab-4cd3a9f8f6f1,01942e26-4693-7e80-8591-47b98e25d721,episode,o,{}
01944339-0118-7df1-81dd-9425c7b3267d,01942e26-4693-7e80-8591-47b98e25d721,episode,p,{}
01944339-011b-77b2-adcb-df8541d2f6cb,01942e26-4693-7e80-8591-47b98e25d721,episode,q,{}
01944339-011d-7993-b9d8-d21cc0efe017,01942e26-4693-7e80-8591-47b98e25d721,episode,r,{}
01944339-0120-77b2-a86f-4696ad9164d5,01942e26-4693-7e80-8591-47b98e25d721,episode,s,{}
01944339-0123-7f01-b443-78e909fa3b19,01942e26-4693-7e80-8591-47b98e25d721,episode,t,{}
01944339-0126-7023-85f3-41fac4ebad64,01942e26-4693-7e80-8591-47b98e25d721,episode,u,{}
01944339-0128-7f02-a6e5-c1bd9567b820,01942e26-4693-7e80-8591-47b98e25d721,episode,v,{}
01944339-012b-7a01-9f7f-74e5d23e1727,01942e26-4693-7e80-8591-47b98e25d721,episode,w,{}
01944339-012d-7952-823e-9034aa914ba5,01942e26-4693-7e80-8591-47b98e25d721,episode,x,{}
01944339-0130-7461-8d72-d403b60fc54f,01942e26-4693-7e80-8591-47b98e25d721,episode,y,{}
01944339-0132-7fb2-b3bc-84537d686443,01942e26-4693-7e80-8591-47b98e25d721,episode,z,{}
