{"columns":[{"kind":"Sparse","name":"is_deleted","num_defaults":1,"num_rows":1},{"kind":"Default","name":"long_cache_key","num_defaults":0,"num_rows":1},{"kind":"Default","name":"output","num_defaults":0,"num_rows":1},{"kind":"Default","name":"raw_request","num_defaults":0,"num_rows":1},{"kind":"Default","name":"raw_response","num_defaults":0,"num_rows":1},{"kind":"Default","name":"short_cache_key","num_defaults":0,"num_rows":1},{"kind":"Default","name":"timestamp","num_defaults":0,"num_rows":1}],"version":0}