{"columns":[{"kind":"Sparse","name":"cached","num_defaults":500,"num_rows":500},{"kind":"Default","name":"id","num_defaults":0,"num_rows":500},{"kind":"Default","name":"inference_id","num_defaults":0,"num_rows":500},{"kind":"Default","name":"input_messages","num_defaults":0,"num_rows":500},{"kind":"Default","name":"output","num_defaults":0,"num_rows":500},{"kind":"Default","name":"raw_request","num_defaults":0,"num_rows":500},{"kind":"Default","name":"raw_response","num_defaults":0,"num_rows":500},{"kind":"Default","name":"timestamp","num_defaults":0,"num_rows":500}],"version":0}