id,target_id,metric_name,value,tags
01944323-48d7-7f91-b66d-208cfbf76fc4,01942e26-51eb-7d12-82d5-c639332d11ff,num_questions,21.0,{}
01944323-48ee-7131-90d7-a5419b9687f9,01942e26-4693-7e80-8591-47b98e25d721,num_questions,5.0,{}
01944323-48ee-7131-90d7-a52d8fb8fcde,01942e26-4693-7e80-8591-47c424219605,num_questions,13.0,{}
01944323-48dd-77e3-8d09-c487d51533a8,01942e26-4693-7e80-8591-47d8b58ca9af,num_questions,14.0,{}
01944323-48dd-77e3-8d09-c471f88b8fce,01942e26-4693-7e80-8591-47ea7424233d,num_questions,10.0,{}
01944323-48ee-7131-90d7-a55a0dd65ccd,01942e26-4693-7e80-8591-47f2759ce906,num_questions,21.0,{}
01944323-48d9-7b81-bc8f-93dd8db003c8,01942e26-4693-7e80-8591-480675aa0377,num_questions,21.0,{}
01944323-48d7-7f91-b66d-2056d105d40b,01942e26-5979-7e62-8762-f4ab6f274da7,num_questions,11.0,{}
01944323-48d9-7b81-bc8f-9380f9d570c4,01942e26-6497-7910-89d6-d9d1c735d3df,num_questions,9.0,{}
01944323-48d9-7b81-bc8f-93c321646fad,01942e26-4b19-7372-8a21-f4f9c7f3ee6f,num_questions,10.0,{}
01944323-48d8-7830-8da5-b4d53989e8fe,01942e26-4698-7cd1-8acc-960b9fc396ec,num_questions,10.0,{}
01944323-48d9-7b81-bc8f-9459e56fe8b5,01942e26-574c-7733-8b5d-ffd626de2415,num_questions,8.0,{}
01944323-48ee-7131-90d7-a50dacb613cc,01942e26-5f43-7d73-8d4a-45ee10ace1ce,num_questions,5.0,{}
01944323-48d9-7b81-bc8f-939485b01113,01942e26-4a26-71f3-8d4f-30621ca3d2ae,num_questions,12.0,{}
01944323-48d7-7f91-b66d-20765adefdd0,01942e26-5519-7310-93cc-f47083398504,num_questions,4.0,{}
01944323-48dc-71d2-afaf-dc894d07d1e4,01942e26-5a9f-71e3-97dc-a1d717cb1101,num_questions,21.0,{}
01944323-48d9-7b81-bc8f-93ee3c9b9c80,01942e26-4697-7672-9e3c-4d0552131bfc,num_questions,10.0,{}
01944323-48d9-7b81-bc8f-93f5357cef74,01942e26-52b5-7930-9f6e-376d00514090,num_questions,21.0,{}
01944323-48d2-79a1-87f7-59522d8a18c1,01942e26-511c-70a3-9f98-a9bfb0beedb7,num_questions,11.0,{}
01944323-48d7-7f91-b66d-2035b9248925,01942e26-4695-79f3-a154-5a43b16beaca,num_questions,11.0,{}
01944323-48d9-7b81-bc8f-9376a943bfb3,01942e26-4695-79f3-a154-5a5b0abbedf5,num_questions,21.0,{}
01944323-48d9-7b81-bc8f-947ad95a8db0,01942e26-6437-7fc1-a8c0-30dfa53f78d5,num_questions,21.0,{}
01944323-48ed-78c3-8243-9be923e2536b,01942e26-549f-7153-ac56-dd1d23d30f8c,num_questions,21.0,{}
01944323-48d9-7b81-bc8f-948a865a94a7,01942e26-4696-7cd1-ace0-4f98b3cf17c6,num_questions,17.0,{}
01944323-48ee-7131-90d7-a4ed96f2daae,01942e26-4696-7cd1-ace0-4fa5acd879ee,num_questions,21.0,{}
01944323-48d2-79a1-87f7-5946815dca44,01942e26-4696-7cd1-ace0-4fb37aadc4b8,num_questions,21.0,{}
01944323-48d7-7f91-b66d-209ea0f93de1,01942e26-4696-7cd1-ace0-4fccde7a5226,num_questions,21.0,{}
01944323-48d7-7f91-b66d-2025a9038c58,01942e26-4696-7cd1-ace0-4fd7dcc9788c,num_questions,21.0,{}
01944323-48dd-77e3-8d09-c4b4b3e1d632,01942e26-469b-79d1-ad1c-5aaac3457a42,num_questions,21.0,{}
01944323-48dd-77e3-8d09-c4ab72723470,01942e26-5392-7652-ad59-734198888520,num_questions,21.0,{}
01944323-48ee-7131-90d7-a4f611c5edd9,01942e26-54a2-71d1-ad80-3629b6cb18a3,num_questions,21.0,{}
01944323-48ee-7131-90d7-a532c44c9914,01942e26-469a-7553-af00-cb0495dc7bb5,num_questions,21.0,{}
01944323-48ed-78c3-8243-9bd431b42ace,01942e26-4d0a-7932-af11-468e686d8533,num_questions,21.0,{}
01944323-48de-7841-8689-5674f92aa2de,01942e26-4ca9-79b3-afb0-f1288c07af51,num_questions,21.0,{}
01944323-48d9-7b81-bc8f-9433e70dc54e,01942e26-4f12-7052-b20e-a47290c84d33,num_questions,10.0,{}
01944323-48d7-7f91-b66d-206eda0654bd,01942e26-4deb-70e0-b36b-113813ac7347,num_questions,15.0,{}
01944323-48d9-7b81-bc8f-941e23333f88,01942e26-6549-7781-b403-1668425bd1f3,num_questions,21.0,{}
01944323-48d9-7b81-bc8f-94040b56ae25,01942e26-618b-7b80-b492-34bed9f6d872,num_questions,17.0,{}
01944323-48d7-7f91-b66d-204ee327f40e,01942e26-618b-7b80-b492-34c0473b81a8,num_questions,12.0,{}
01944323-48dd-77e3-8d09-c49d2b280af1,01942e26-507d-70d0-b63f-aedf5bccf75c,num_questions,5.0,{}
01944323-48d9-7b81-bc8f-93aadc855d32,01942e26-4e89-7bf1-b810-38d269e9b151,num_questions,10.0,{}
01944323-48dc-71d2-afaf-dc7faeace748,01942e26-52c9-7f30-b86a-918b965284c9,num_questions,21.0,{}
01944323-48d9-7b81-bc8f-9460609e6234,01942e26-4b97-7842-ba87-07bd32a58739,num_questions,11.0,{}
01944323-48d9-7b81-bc8f-944a164a151c,01942e26-4694-7601-ba94-3d5582ab7ab9,num_questions,20.0,{}
01944323-48d7-7f91-b66d-20ac0a5a56d6,01942e26-4694-7601-ba94-3d641760f67c,num_questions,21.0,{}
01944323-48d7-7f91-b66d-201850c7842a,01942e26-56b5-7e40-bb57-4fbd97b78a34,num_questions,19.0,{}
01944323-48ee-7131-90d7-a51c741782c8,01942e26-5112-7df1-bbfa-e94d7f27e374,num_questions,5.0,{}
01944323-48d9-7b81-bc8f-94231a317312,01942e26-4c26-7182-bdb1-3097f9609dfb,num_questions,21.0,{}
01944323-48d9-7b81-bc8f-93b3ad8784bc,01942e26-4d94-79f1-bfa9-7970eaf8266e,num_questions,21.0,{}
0193fb9e-20e8-77e1-8f4c-9e47b04a7bdb,01936ba8-5fe8-76f1-a999-53782ae93cdd,haiku_rating,0.10092872,{}
0193fb9e-2018-7433-bba5-d7e0c63a39fe,0193b670-5f30-7851-b204-49715577b880,haiku_rating,1.2123551,{}
0193fb9e-1dfc-70b2-af9d-dc981f3cba91,0193b200-b8a0-7083-93e5-1ea89c6cfde7,haiku_rating,0.92612153,{}
0193fb9e-1e01-78b2-bf33-49109c38edcb,01942c50-88d8-7f62-8fbe-36cf340d661f,haiku_rating,0.2275849,{}
0193fb9e-2033-7040-8582-5e8d0407d509,0193a7dc-e948-76a3-b2c4-84407a7a4dd0,haiku_rating,1.2099321,{}
0193fb9e-2099-76a2-a302-a0c2a3b085e4,01946740-9bb8-7fb1-a152-22437912ffaa,haiku_rating,0.22689755,{}
0193fb9e-2033-7040-8582-5eaab49f86d6,0193ed93-06c0-77d1-9ffc-bd93c3aeec9f,haiku_rating,1.0337337,{}
0193fb9e-20c0-7fb3-abeb-d1bcfaf5bdef,01939f9f-d380-7972-abbb-e1b39a3aecad,haiku_rating,0.26302707,{}
0193fb9e-1dfd-7333-8720-7358c7536a1f,01947718-8c08-7431-94ff-5bdbfefd0d39,haiku_rating,0.1518255,{}
0193fb9e-1b75-70c3-980d-eda1aaac9662,0193bf4f-b420-7a23-ad7b-b141ea5c94c1,haiku_rating,-0.16761446,{}
0193fb9e-1b76-71e2-96c3-7b7c6f66cb8e,01935efb-9fa8-79e0-bc35-4b6bb5a6ecda,haiku_rating,0.06423781,{}
0193fb9e-208c-7153-9fc6-1fb1e799dfc9,01947676-4ce0-7000-a1ba-e7f4243cedd6,haiku_rating,-0.21047191,{}
0193fb9e-1faa-7823-96d8-a9b06589ed88,019429c7-9408-73d2-b216-89a785ba9b35,haiku_rating,-0.26094416,{}
0193fb9e-1f96-7300-b02e-5c5b90a0699b,01936551-ffc8-7372-8991-0a2929d3f5b0,haiku_rating,0.96558726,{}
0193fb9e-2092-7801-a7d2-46b36aae2cb2,0193ebac-5118-7f61-8f79-0a1339222652,haiku_rating,-0.19223003,{}
0193fb9e-1fa5-7441-8d4c-446c1f5b8e6c,01941622-3868-7e91-8e50-6c7b8e09825b,haiku_rating,0.016206164,{}
0193fb9e-1e00-7f92-9cbe-76e3331d79dd,01938d3e-f248-7e00-8994-186f6b713f44,haiku_rating,0.10374039,{}
0193fb9e-2099-76a2-a302-a0f7a646713d,019383bd-6218-7070-88af-b4b258ac0a11,haiku_rating,-0.059559375,{}
0193fb9e-20c0-7fb3-abeb-d1f644b30530,0194580a-ea90-76b1-bc2e-a87c492f3fac,haiku_rating,0.6199892,{}
0193fb9e-1e01-78b2-bf33-4a23e7644edd,01945256-c5b0-7b40-8840-caf0ee0c2c49,haiku_rating,1.3929412,{}
0193fb9e-2007-7e60-97af-8b66a013ee00,019479a1-7cf0-7320-adc7-9bed766fda51,haiku_rating,0.17724709,{}
0193fb9e-200d-7221-98fd-88a04110e40e,01939bd2-6830-71f1-af33-9782b121b25a,haiku_rating,-0.41537312,{}
0193fb9e-2099-76a2-a302-a0ad3e852548,01947ccc-ad00-71c2-a194-96da4fb27eba,haiku_rating,-0.3479729,{}
0193fb9e-1e00-7f92-9cbe-786316dd99ad,019396c0-8278-78d1-9585-8c14fc77c4fe,haiku_rating,0.34226662,{}
0193fb9e-2033-7040-8582-5e20959b9c3f,01938646-56e8-7070-a167-38dd4af683f6,haiku_rating,-0.16433716,{}
0193fb9e-2092-7801-a7d2-47a6b4b5b417,01947ae5-f758-71e1-a099-46a1eaf857df,haiku_rating,1.1118249,{}
0193fb9e-20e2-7b51-b24a-e73d4cfd3f80,01944832-fa40-7433-abfb-c1418077aa8d,haiku_rating,0.05944558,{}
0193fb9e-20d5-7b10-b04d-5f61388e72fa,01947164-6728-7be0-aa7a-70a0344ad9b0,haiku_rating,0.2337847,{}
0193fb9e-1b79-7961-b22d-c670de8fc35f,0193ad91-0e28-7152-9b2f-987929bd74c4,haiku_rating,0.09335145,{}
0193fb9e-20c0-7fb3-abeb-d17bb26d34ee,0193910c-5d98-7fb0-be1c-29faa108cfae,haiku_rating,-0.11263852,{}
0193fb9e-2099-76a2-a302-a078e5650599,0193fae2-0240-7551-b1c0-1be14e425045,haiku_rating,-0.06767263,{}
0193fb9e-1b7e-7d91-847d-3cf35d978035,0193e044-0b40-72d0-b08d-57a7412b3136,haiku_rating,1.3675894,{}
0193fb9e-2091-7922-9695-da57bad024db,01944de7-1b38-7ea2-bdb4-cd2f1371f332,haiku_rating,0.35451448,{}
0193fb9e-20c0-7fb3-abeb-d21e4ada13e9,01937f4d-bb88-7f21-bb7b-0a9f00132a65,haiku_rating,-0.3676157,{}
0193fb9e-1e01-78b2-bf33-49eb2fb31718,0193f859-1158-7ba1-83b8-bc4951eefd83,haiku_rating,0.5503315,{}
0193fb9e-1dd2-7303-92a0-081eb54c1076,01947eb3-62a8-76f2-a503-0e767a072177,haiku_rating,-0.44304478,{}
0193fb9e-2032-77a3-bfce-97524c7ae323,01942046-03d8-7fe1-b6ad-87af9753aa6a,haiku_rating,0.92289716,{}
0193fb9e-20e8-77e1-8f4c-9e2314b1af19,0193557a-0f78-7813-91b6-0819c03838b6,haiku_rating,-0.3606485,{}
0193fb9e-1fa5-7441-8d4c-4489a1dae0ad,01944465-8b08-7cb1-aab7-38776ac2acdd,haiku_rating,0.283519,{}
0193fb9e-20ea-7d63-94dd-79eb7542f212,0193eb0a-15d8-7d92-8bca-f2a091d4d569,haiku_rating,0.19941142,{}
0193fb9e-1b38-7f73-a927-5e0f58f73bd6,01936b06-20c0-7bc3-b03d-03e272c2f96e,haiku_rating,-0.27768832,{}
0193fb9e-2099-76a2-a302-a0358553994f,01935bd0-6f98-7e23-8e1b-ed1298a2ca5a,haiku_rating,0.061162263,{}
0193fb9e-20c0-7fb3-abeb-d1de21881451,01940d42-e760-7ef1-974d-5f46e6e4392f,haiku_rating,-0.45504403,{}
0193fb9e-1e34-7851-ac86-ab1ac96387a9,0193a87f-2870-7230-96a5-5231f3fff900,haiku_rating,-0.095403954,{}
0193fb9e-2092-7801-a7d2-473a31be2701,019403c1-5730-7bc3-890b-fb494e04da58,haiku_rating,0.37714663,{}
0193fb9e-2032-77a3-bfce-9765f5e2acaf,0193961e-4738-7e51-8b49-c52c3827ef8b,haiku_rating,1.0974959,{}
0193fb9e-1b81-7bb2-be4e-622115cfd6b7,0193d6c2-7b10-7560-be64-17630b61fe6b,haiku_rating,1.4914858,{}
0193fb9e-20ec-79a3-adc7-ab3a1a42434b,0193e73c-a6a0-74b3-bb58-b0cf94128f3b,haiku_rating,0.36918357,{}
0193fb9e-2099-76a2-a302-a1422a6b536c,019416c4-73a8-7430-8505-1dd98b105fbc,haiku_rating,0.3525918,{}
0193fb9e-1dfc-70b2-af9d-dcb3380d8cc3,0193d8a9-30b8-7150-98ca-0495837fd6d8,haiku_rating,-0.16389023,{}
0193fb9e-1e00-7f92-9cbe-776cd2256450,0194748f-9738-7de0-9f17-03dd098b54bc,haiku_rating,-0.55686426,{}
0193fb9e-2090-75a0-8e99-069a9e7fc74b,01941766-b2d0-7011-abf6-6793446af6e9,haiku_rating,0.097843595,{}
0193fb9e-1b36-7763-bedd-aef26410d4a9,0193fa3f-c700-74e1-873e-86861df758e4,haiku_rating,1.0741935,{}
0193fb9e-20e7-7040-ba61-6a4a907018d0,0193dd18-db30-79b2-af92-2bc541d99c07,haiku_rating,1.3071247,{}
0193fb9e-1dfc-70b2-af9d-dca65c962865,01941fa3-c898-7ef3-8fa1-8ee06084fb62,haiku_rating,0.37498745,{}
0193fb9e-1db4-77e2-b750-e3fbbeee6dab,01935760-c520-7c20-85e4-8c99ba624e01,haiku_rating,-0.07413506,{}
0193fb9e-20d0-7e31-b3b6-85aaf888b835,0193b0bc-3e38-7e32-9fa1-029266f5a5a0,haiku_rating,-0.40186903,{}
0193fb9e-1b82-7423-97fc-4f56a8513371,01937d67-01f8-7950-9759-65efe2e9b263,haiku_rating,0.068054266,{}
0193fb9e-20e5-7682-b800-60fe190b9899,01935435-9510-7ac0-b1f5-a212836af345,haiku_rating,-0.04891061,{}
0193fb9e-205d-7c22-813a-788629e85e88,0193691f-6b18-7810-ae8a-541efca50d3f,haiku_rating,-0.15374824,{}
0193fb9e-1e00-7f92-9cbe-76ccd172f588,0193cd40-eae0-73a2-b455-72d598fb9415,haiku_rating,-0.23547241,{}
0193fb9e-2099-76a2-a302-9ff0d75d065e,0193c3bf-5e98-73a2-bb37-cf012e8406bd,haiku_rating,-0.0036968398,{}
0193fb9e-20c1-7511-a3ae-05184287f6d8,01947c2a-71c0-70b0-9631-330318a4e571,haiku_rating,0.014646369,{}
0193fb9e-1fa5-7441-8d4c-44ac36dec0c3,0193b489-a988-74d3-adbe-d89c46e10a95,haiku_rating,0.7308171,{}
0193fb9e-1e01-78b2-bf33-49a0eb41ffcd,0193a9c3-a2d8-79a1-b41a-5d7adebca591,haiku_rating,1.300239,{}
0193fb9e-2007-7e60-97af-8b469d9edd45,01940831-01a8-7902-801c-e9903e3abd13,haiku_rating,-0.26471597,{}
0193fb9e-1faa-7823-96d8-a9c6e85c12b9,01942cf2-c418-7082-83c5-9b14cbacb8e8,haiku_rating,0.04199083,{}
0193fb9e-2018-7433-bba5-d8065d2f2287,01945768-ab68-7032-9c71-76121e45eaba,haiku_rating,0.90772957,{}
0193fb9e-2092-7801-a7d2-46fe20eda48e,019388cf-47d0-7923-82f3-c40d55ebccf3,haiku_rating,0.23158729,{}
0193fb9e-1fa5-7441-8d4c-44c2cba42dbf,01936a63-e580-7a42-bc6a-adcb111aa87f,haiku_rating,0.4018564,{}
0193fb9e-1b72-76b2-bf5e-c2265afc3786,019378f7-5b68-7232-a2f1-63adceda95f6,haiku_rating,-0.115306064,{}
0193fb9e-1b73-7d80-9a1f-8d15b8f44d50,0193c503-d518-7e53-aa95-a9fab75c7790,haiku_rating,0.10894064,{}
0193fb9e-2092-7801-a7d2-4774237f05c3,01943f53-a550-7a63-aaac-df36c6586a4c,haiku_rating,0.068172276,{}
0193fb9e-20e8-77e1-8f4c-9eb8d26f7fa3,0193d10e-5a18-7d81-ad8e-db2beb353b4e,haiku_rating,-0.09739305,{}
0193fb9e-1b82-7423-97fc-4f060628d379,0193a36d-42b8-7142-bb61-68ff0e56185d,haiku_rating,-0.105564095,{}
0193fb9e-1db5-7c41-a823-9fc3bf23ba41,01946d96-fbd8-7b70-8b79-187224d5aeca,haiku_rating,0.30489275,{}
0193fb9e-1dfd-7333-8720-7337fbdf7fe4,0193db32-2588-7de2-a0b6-2a30ee1c6bb3,haiku_rating,-0.4382045,{}
0193fb9e-1faa-7823-96d8-a9a9268dcee7,0193f672-5bb0-7b61-adf6-5d5eb60fec90,haiku_rating,0.14841509,{}
0193fb9e-1b82-7423-97fc-4faf176b3e32,01940ca0-a838-7a12-b20b-7ef745aa578b,haiku_rating,-0.06530722,{}
0193fb9e-2099-76a2-a302-a12bcdb8990c,01937529-ec30-71b0-a486-1fda138b69c9,haiku_rating,1.3600352,{}
0193fb9e-2090-75a0-8e99-06816ff27e04,01938501-dc80-7fc1-aa26-b8be27cb78bd,haiku_rating,0.491215,{}
0193fb9e-1e02-7f42-99b7-3db3ed01985a,0193d620-3fd0-7782-b3cf-97deb98957c1,haiku_rating,1.1391819,{}
0193fb9e-2091-7922-9695-da85e928cb97,01946b0e-0708-7ce2-ab33-4a1cbb5b5791,haiku_rating,0.39720237,{}
0193fb9e-1de4-72c1-a092-731ba2e8aa19,0193cf27-a470-79c3-b4ef-5b4d0a661a4c,haiku_rating,0.4575793,{}
0193fb9e-1b70-70b1-9ffe-08b42fe3256c,01941c78-9888-7623-bd5d-d7a087f25477,haiku_rating,0.31441903,{}
0193fb9e-1e01-78b2-bf33-49c6e16fddbe,019394d9-ccd0-7253-a344-dfe58419c0fb,haiku_rating,0.5910393,{}
0193fb9e-1fa5-7441-8d4c-4454e2504753,01934f23-af58-7210-a607-f6857fcc9580,haiku_rating,0.009993024,{}
0193fb9e-20d0-7e31-b3b6-85c2ee62a4bb,01946bb0-4630-7aa0-a414-6ac68ccc5cd1,haiku_rating,-0.08747295,{}
0193fb9e-1e02-7f42-99b7-3e57f03d1c57,019478ff-41b0-7251-8626-c6e9a7954748,haiku_rating,0.6999184,{}
0193fb9e-1e02-7f42-99b7-3e3828c97487,019473ed-5bf8-7043-ae9b-6e58e13304b8,haiku_rating,-0.06299969,{}
0193fb9e-1b75-70c3-980d-edc4e033327f,01938a13-c238-7160-b8fe-fba9a9a9af07,haiku_rating,1.1764781,{}
0193fb9e-2091-7922-9695-dae7bc29d2b5,01937018-0678-7da0-9b73-f6bcfe48ad34,haiku_rating,0.2415853,{}
0193fb9e-1b7b-7842-95c1-00cb73a4be9a,0193c82f-0528-71d3-96da-b6f3ff424aa5,haiku_rating,0.2171262,{}
0193fb9e-20d5-7b10-b04d-5f88778d2aa8,019414dd-be00-7b61-aef0-7fb4cf8e0651,haiku_rating,-0.38684365,{}
0193fb9e-1f8d-7642-b6b4-f392d220b5eb,01947f55-a1d0-7e41-9634-c7728f5a3fc3,haiku_rating,-0.10727563,{}
0193fb9e-1e00-7f92-9cbe-775297d7a25e,0193b5ce-23f0-7d52-808d-18aa8dd9261b,haiku_rating,0.22531748,{}
0193fb9e-20e7-7040-ba61-6a6e49a0c325,019385a4-17c0-7f80-97f0-1d923639af6e,haiku_rating,0.59477824,{}
0193fb9e-1b79-7961-b22d-c68fc77169ba,01944321-1488-7800-924c-bb8372e340bf,haiku_rating,1.2125082,{}
0193fb9e-1b81-7bb2-be4e-61b746389858,01937eab-7c60-77c0-9bf1-49e0e4622513,haiku_rating,0.33208966,{}
0193fb9e-1b30-7032-bb9b-743847cc5a9b,01937c22-8b78-7ce0-b2b2-3eaa376ff45f,haiku_rating,0.024714896,{}
0193fb9e-1b6e-7cc1-aae7-227b48c54f96,0193e2cd-0010-7c42-940f-8412c9bc3231,haiku_rating,0.19280757,{}
0193fb9e-1b80-7af1-a745-075db602907f,0193ecf0-cb80-7aa0-833c-1f951ab8e995,haiku_rating,0.29198012,{}
0193fb9e-1b36-7763-bedd-aeeeba67cfc3,01942bae-49b0-7100-b962-b04c879b411c,haiku_rating,0.10895889,{}
0193fb9e-1b79-7961-b22d-c6a342ff8512,01943ae3-fec0-74e0-9203-d7a314c65de4,haiku_rating,-0.14888884,{}
0193fb9e-1e00-7f92-9cbe-76b93a60846b,0194106e-1770-7ba3-ba6e-ad18e17ec50f,haiku_rating,0.22333838,{}
0193fb9e-1e02-7f42-99b7-3e6e507cb754,0194157f-fd28-7501-9f11-0c1eb0ef5d51,haiku_rating,9.227916e-05,{}
0193fb9e-1e01-78b2-bf33-4a038854b112,01935068-29c0-7243-b45a-c0060e355362,haiku_rating,-0.15169987,{}
0193fb9e-1e00-7f92-9cbe-7828e8e65a43,01938c9c-b708-7501-8476-c6fcbcb314fd,haiku_rating,0.0828629,{}
0193fb9e-2092-7801-a7d2-469af869646a,01935c72-aad8-79b2-b37a-d1bf1b666ed7,haiku_rating,-0.08622787,{}
0193fb9e-1e01-78b2-bf33-4a142dc66496,0194464c-4498-7641-81aa-d9adebdc4126,haiku_rating,-0.08841562,{}
0193fb9e-2033-7040-8582-5ef5971b5766,0193cfc9-dfb0-7b80-b7ad-1523492c9ab7,haiku_rating,-0.052696683,{}
0193fb9e-1b7e-7d91-847d-3c570fe1571f,01944977-74a8-7752-8eb4-4729ea60e456,haiku_rating,1.4237916,{}
0193fb9e-20e8-77e1-8f4c-9e70a2c6f9a3,01935803-0060-7320-bdc1-3cf2536a598d,haiku_rating,-0.3355311,{}
0193fb9e-2033-7040-8582-5eda5d49b40a,01943716-8f88-72f3-9687-b16410489364,haiku_rating,-0.24460326,{}
0193fb9e-1e00-7f92-9cbe-77b54d9c9b6b,0193cc9e-afa0-75f1-9750-e35dac40a0a1,haiku_rating,-0.18604377,{}
0193fb9e-2092-7801-a7d2-4717add81cf1,0193ac4c-93c0-79f0-9123-2c33b42d57c0,haiku_rating,-0.013516916,{}
0193fb9e-2092-7801-a7d2-4749c3196868,019408d3-3ce8-75a0-aa0c-e30e6ff38d1b,haiku_rating,0.29689157,{}
0193fb9e-1dfd-7333-8720-737b0c8898de,0194594f-6110-7073-94ea-1d065438d8ef,haiku_rating,-0.21452808,{}
0193fb9e-2099-76a2-a302-a11a79ef50f5,01940f29-9d08-72e2-98da-617b26995148,haiku_rating,0.16189991,{}
0193fb9e-1b80-7af1-a745-070451aab21b,01937999-96a8-7c43-aefc-2c3631221070,haiku_rating,-0.084935494,{}
0193fb9e-1b82-7423-97fc-4eec5ec10d07,0194027c-dcc8-7662-bfcb-86ead6d91eac,haiku_rating,0.19332798,{}
0193fb9e-1b7e-7d91-847d-3c6eaa18d35a,0193b345-2f20-7483-a0ee-027050e72036,haiku_rating,-0.12516405,{}
0193fb9e-1dfe-7e73-be4f-19f56e6d595f,01947d6e-e840-7283-ac18-024ef5ac7825,haiku_rating,-0.3756122,{}
0193fb9e-1bb2-72a0-bf67-44bf214d885c,01942d94-ff58-7c62-81d7-dc653750be28,haiku_rating,-0.12623136,{}
0193fb9e-1b7c-7090-b128-83ff9d1f5d35,01940bfe-6cf8-7e51-af48-90120849a8b9,haiku_rating,0.16314451,{}
0193fb9e-2092-7801-a7d2-4720082ad0c4,01945b36-16b8-74f1-89e6-0ea588cb786b,haiku_rating,-0.457539,{}
0193fb9e-1b82-7423-97fc-4f2159bb5251,019401da-a188-7950-8d3d-7c4fca4e86b1,haiku_rating,-0.59071255,{}
0193fb9e-20db-7293-88af-fe56508c22e5,01936226-cfb8-7ea3-bdc3-7055509a4cdf,haiku_rating,0.13086838,{}
0193fb9e-2099-76a2-a302-a0954b6100eb,0193a186-8d10-7220-90d9-60ba8c57b500,haiku_rating,0.22711411,{}
0193fb9e-2091-7922-9695-da740fdd37b6,019386e8-9228-77f1-8e4f-1f68622b99f8,haiku_rating,0.64265597,{}
0193fb9e-2092-7801-a7d2-47c9dfd6356a,0193a553-f860-7e41-9c72-4cfc35894690,haiku_rating,0.03696465,{}
0193fb9e-2091-7922-9695-dacf49f1c420,01940138-6260-7bf3-bca4-6f23feb6b91d,haiku_rating,-0.15178025,{}
0193fb9e-2018-7433-bba5-d7f969347851,0193d94b-6fe0-76c2-9aeb-5157f04c8b05,haiku_rating,0.4850205,{}
0193fb9e-1b30-7032-bb9b-746b9df01c5a,01937b80-4c50-7493-8ef7-f71b0f08a239,haiku_rating,-0.6370504,{}
0193fb9e-1f96-7300-b02e-5c76df891f1a,01944e89-5a60-75c3-ab0f-5f6a3cd18044,haiku_rating,-0.11403744,{}
0193fb9e-20db-7293-88af-fe4ebd76d3ec,0194622e-b600-7170-b4b0-2320e17ece86,haiku_rating,-0.12508616,{}
0193fb9e-1b7a-7021-865c-7ce87666170b,019441dc-9a20-70a1-a486-04e9c17d0354,haiku_rating,-0.6949472,{}
0193fb9e-1e00-7f92-9cbe-7704f3497832,0193a40f-7df8-7301-b92b-876c752a335d,haiku_rating,0.28996858,{}
0193fb9e-1dfb-7e72-bb84-d92a0c7ff842,01936e31-50d0-7d92-926a-a8a6689739bc,haiku_rating,0.06176014,{}
0193fb9e-1b7d-70b3-bc37-9cedd16b9d7a,0193ca15-bad0-73f0-a478-229cded6160e,haiku_rating,0.06372304,{}
0193fb9e-2018-7433-bba5-d7b12cfa49df,0193b99b-8f40-71f1-9f85-eace94eda527,haiku_rating,0.17217264,{}
0193fb9e-2006-7763-a879-c4eace125263,0193c973-7f90-7680-8d4e-c3f8c785614d,haiku_rating,-0.39030436,{}
0193fb9e-20ec-79a3-adc7-aad0d397e939,01940ab9-f290-79d1-a4f7-dea78a355d43,haiku_rating,1.0817053,{}
0193fb9e-1e34-7851-ac86-aafb1910f762,0194399f-8458-7380-9894-8e08c52abf94,haiku_rating,-0.2788825,{}
0193fb9e-1e01-78b2-bf33-48d6ce536ff3,0193ee35-45e8-7793-aaf4-cbc5022ad120,haiku_rating,0.9844617,{}
0193fb9e-1db6-78c1-9043-20c7f82082ec,0194701f-ecc0-77a2-8d88-73bb28a75c87,haiku_rating,-0.3678992,{}
0193fb9e-20e3-7420-9b1c-6b79c9f0dbcd,01943162-6e90-70a0-9722-6ff65a8a48c0,haiku_rating,-0.23375477,{}
0193fb9e-1dfe-7e73-be4f-19d6abd52fa0,0193bb82-48d0-7653-b49a-4b41deeb9a1a,haiku_rating,1.4213669,{}
0193fb9e-1b7b-7842-95c1-0119b4ed4c9e,0193f99d-8bc0-7382-9b8d-1aade52d873b,haiku_rating,0.8925536,{}
0193fb9e-1e00-7f92-9cbe-780b97aea560,019445aa-0570-7c70-8fe4-78e582363aaf,haiku_rating,1.1233879,{}
0193fb9e-1fa5-7441-8d4c-4478a6aa708b,0194543d-7b58-78c1-9060-649660aef4ed,haiku_rating,0.85473704,{}
0193fb9e-20c0-7fb3-abeb-d19fa72744f4,01946373-3068-7ca0-8644-1d3977f783b8,haiku_rating,-0.3123167,{}
0193fb9e-2099-76a2-a302-a139d26e9586,0193e7de-e5c8-7593-9413-736a42bfeee7,haiku_rating,0.08739214,{}
0193fb9e-2018-7433-bba5-d8739058b2b2,0193ce85-6548-71a0-a4b6-2969a7315550,haiku_rating,-0.044564016,{}
0193fb9e-20d0-7e31-b3b6-85d667863d5a,01939804-fce0-7253-8fea-6bbffd5ced59,haiku_rating,0.15645178,{}
0193fb9e-2091-7922-9695-dad7575ded8c,0193bd68-fe78-7511-8c6b-1af79594d8f0,haiku_rating,0.95484656,{}
0193fb9e-2018-7433-bba5-d8c9e9dac14d,019369c1-a658-7133-8ed2-94525f8a613e,haiku_rating,0.70877177,{}
0193fb9e-2033-7040-8582-5e6f9883069c,0193f714-96f0-7170-aeff-b214956b29e5,haiku_rating,1.0479184,{}
0193fb9e-1b7e-7d91-847d-3cd7f738446c,019356be-89e0-7590-bbeb-cfc3e8a1dac9,haiku_rating,-0.09817919,{}
0193fb9e-20ec-79a3-adc7-aae7c6041cd9,0193f7b6-d230-7f90-9e92-16c7e769e35c,haiku_rating,1.4338131,{}
0193fb9e-20d9-71c3-a683-8eae3f2875d4,0193e36f-3b50-71d0-a9bc-050096fbde01,haiku_rating,-0.08435776,{}
0193fb9e-1f8d-7642-b6b4-f3af6105fa70,0193bead-74f8-7c90-bd22-690c067c305b,haiku_rating,0.1152185,{}
0193fb9e-1e02-7f42-99b7-3e8dc577e04c,019470c2-2be8-7343-8741-5f0b2c2f19a5,haiku_rating,-0.06109023,{}
0193fb9e-2092-7801-a7d2-465c851decf0,01943e0f-2ed0-73c2-b165-81b9fc83d106,haiku_rating,0.18666102,{}
0193fb9e-20dc-7c92-b3b9-2ca4f8cc7fb6,0193dc76-9ff0-7152-8b4b-00af3e0cbe9e,haiku_rating,0.42171833,{}
0193fb9e-1f96-7300-b02e-5c90510f4429,019459f1-a038-7632-a95e-768290851aa1,haiku_rating,0.15525688,{}
0193fb9e-20ec-79a3-adc7-ab185a821078,01936f75-cb38-74f0-9816-96d1af45055b,haiku_rating,0.16032907,{}
0193fb9e-205d-7c22-813a-78941a122307,01946edb-7640-72d1-a1aa-57b16b6986ce,haiku_rating,-0.17197287,{}
0193fb9e-2032-77a3-bfce-9783dc3db040,019437b8-ceb0-7c33-bd6c-eba4312a8774,haiku_rating,-0.48858762,{}
0193fb9e-20df-79a2-952b-a4ce4da84b98,0193c6ea-8ea8-7c71-b0b2-8b33143b69d4,haiku_rating,-0.13343094,{}
0193fb9e-1b81-7bb2-be4e-6204b8250594,01945624-3100-7472-9662-7ed27b0e0333,haiku_rating,-0.13586423,{}
0193fb9e-2092-7801-a7d2-46809224287a,019458ad-25d0-7a40-9fa0-9bc593cc2dd0,haiku_rating,-0.27291948,{}
0193fb9e-20df-79a2-952b-a4d777336445,0193715c-80e0-75e2-94f1-5e48f0c65bb4,haiku_rating,-0.067474484,{}
0193fb9e-1e00-7f92-9cbe-77d8352d7d79,01935b2e-3070-7a90-95cf-c1e5e8999461,haiku_rating,-0.08502778,{}
0193fb9e-1b7a-7021-865c-7c974aa3f32f,01939250-d800-75b0-a7b2-196cf3282368,haiku_rating,0.041629426,{}
0193fb9e-2092-7801-a7d2-4662065ef551,01945bd8-55e0-7d42-be4f-ce7621f9e030,haiku_rating,0.87864536,{}
0193fb9e-2092-7801-a7d2-47b5ce204fbd,019420e8-4300-7022-9860-24b0775df83f,haiku_rating,0.7175241,{}
0193fb9e-1e02-7f42-99b7-3de0d64aae2b,019469c9-8ca0-79b1-8310-484c56649b09,haiku_rating,-0.30447322,{}
0193fb9e-1e01-78b2-bf33-496420a2781c,0193ff51-acb8-7ae1-9c90-3404b463c29d,haiku_rating,0.29186082,{}
0193fb9e-20db-7293-88af-fe36d48ca357,01938971-86f8-7962-ad7f-7d79d452562b,haiku_rating,0.29656646,{}
0193fb9e-20c1-7511-a3ae-052b9e9398ec,0193d57e-00a8-79c0-b8bc-f8a41f2ef9a2,haiku_rating,-0.09416559,{}
0193fb9e-20e9-73d2-9576-3ce3c7666d51,0193e411-7690-7c83-a220-763ad487c859,haiku_rating,-0.35936147,{}
0193fb9e-1b75-70c3-980d-eded8e63db40,0194618c-76d8-7770-b3ec-0140b976979c,haiku_rating,0.56887305,{}
0193fb9e-20df-79a2-952b-a4e1a9d46a19,01944d44-dff8-7bc0-aef5-32733971ebe7,haiku_rating,-0.3416293,{}
0193fb9e-1f8c-7823-ab66-b751b490792b,019399eb-b288-71d3-8b7a-800e7bc6d2d9,haiku_rating,1.1490844,{}
0193fb9e-2099-76a2-a302-a0ee9157def8,019372a0-fb48-7300-94d7-a2101d7b8abf,haiku_rating,-0.21520922,{}
0193fb9e-1f95-7890-8a82-f36c934646c4,0193f01b-fb90-7ef3-b611-7773873232cf,haiku_rating,0.11535421,{}
0193fb9e-20db-7293-88af-fe7a841a8b68,01934d3c-f9b0-7e02-bcac-49363015485a,haiku_rating,-0.0087992605,{}
0193fb9e-20ec-79a3-adc7-aac7999bea2c,0193845f-a140-7d42-87cd-4cd77f3b34a6,haiku_rating,-0.092029236,{}
0193fb9e-2090-75a0-8e99-06621178a7b1,01943cca-b468-71b2-b883-f0d584c176ef,haiku_rating,1.002897,{}
0193fb9e-1e01-78b2-bf33-497b8df35756,0193af77-c3d0-7d30-a7f9-e29b044b6ae6,haiku_rating,-0.09347958,{}
0193fb9e-1fa5-7441-8d4c-44d33780fdcd,01941f01-8d58-7480-a5db-e5f55fdb95b6,haiku_rating,0.024220634,{}
0193fb9e-2092-7801-a7d2-4787eefc8e91,01939949-7748-79b3-8efb-036a6278d5b8,haiku_rating,0.3118931,{}
0193fb9e-1f73-7833-8337-7bf0d04ac66a,0193510a-6500-7841-81d3-8bf4b446df51,haiku_rating,-0.350851,{}
0193fb9e-20ec-79a3-adc7-aafd0d30ff2b,01936ed3-8c10-75e2-9000-865e0d816e39,haiku_rating,-0.263358,{}
0193fb9e-1b6e-7cc1-aae7-226dea8ea1c1,01946f7d-b180-7360-bf16-10d94ab1ab5e,haiku_rating,1.2251903,{}
0193fb9e-1b79-7961-b22d-c66c0b9223bb,01935393-59d0-7bc3-88fc-da06f788d578,haiku_rating,-0.2829894,{}
0193fb9e-20eb-74a0-8ae5-257575859889,0194031f-1808-7e80-b2de-9f393ee4c7d8,haiku_rating,-0.53815913,{}
0193fb9e-1b79-7961-b22d-c6c0a56505f7,01936c4a-9b28-7e42-86e8-44f7dc00f151,haiku_rating,0.25128707,{}
0193fb9e-20c0-7fb3-abeb-d1e5ee0c2aa6,019359e9-b9f0-7bc0-bb55-cfba9435921c,haiku_rating,0.31554198,{}
0193fb9e-1dfc-70b2-af9d-dcec00254118,01937710-a5c0-7073-b961-179d55ff38f1,haiku_rating,0.21279866,{}
0193fb9e-1e01-78b2-bf33-49806f77fce5,0193fff3-e7f8-7a52-8369-9ccdf60ce60a,haiku_rating,-0.26861295,{}
0193fb9e-1b77-77e2-ad5f-3ef0d1516f19,01940975-7828-7b02-b183-d464cfe49638,haiku_rating,0.758846,{}
0193fb9e-1b81-7bb2-be4e-6246973f76f2,0193fd6a-f710-76e3-b4b0-ef0de438ab2d,haiku_rating,-0.074502125,{}
0193fb9e-20e8-77e1-8f4c-9e8116f6725b,01943349-2438-7821-b03e-c462f66d564a,haiku_rating,0.26337835,{}
0193fb9e-2018-7433-bba5-d7c1b8c7eae7,0193b857-18c0-7da0-99bb-2932b1ab4d47,haiku_rating,0.32606396,{}
0193fb9e-1dfc-70b2-af9d-dcfd3823075a,01942413-7310-7a43-942b-2b99977911bf,haiku_rating,0.0071624164,{}
0193fb9e-1b80-7af1-a745-074aa8a41c63,0193a5f6-33a0-75c2-ba2b-5b97344da916,haiku_rating,-0.029681401,{}
0193fb9e-1e00-7f92-9cbe-77eba63823e0,0193dbd4-60c8-7b71-b0de-b2a58afe37f6,haiku_rating,-0.11263566,{}
0193fb9e-1f95-7890-8a82-f33ee3a41911,019391ae-9cc0-7652-97c1-f07210d0d92b,haiku_rating,0.7546803,{}
0193fb9e-2018-7433-bba5-d827a1274fe7,0193f202-b138-7af3-b6ab-d4c6c250b75f,haiku_rating,0.26258028,{}
0193fb9e-1f95-7890-8a82-f3233aae6de8,01936738-b570-7972-9ba3-33f96f778b3c,haiku_rating,-0.34371042,{}
0193fb9e-2092-7801-a7d2-479d2c9e4a75,01944f2b-95a0-7c60-8072-d9f671942d13,haiku_rating,-0.8648204,{}
0193fb9e-1b82-7423-97fc-4f16065d57bb,0193b01a-02f8-7110-8c1c-bcc9f755c7f2,haiku_rating,-0.19523036,{}
0193fb9e-1dfe-7e73-be4f-19e65f9e8d90,01940b5c-2dd0-7e50-9ef5-f9f46aa231c6,haiku_rating,-0.05925418,{}
0193fb9e-1b70-70b1-9ffe-08cda379c140,0193878a-d150-7032-b7aa-ff5b11088180,haiku_rating,1.0195844,{}
0193fb9e-2091-7922-9695-dabfb3e1766a,0193e923-6030-7723-8fa0-c1361b03b799,haiku_rating,-0.31655127,{}
0193fb9e-208d-7432-8e7e-e270f99c9027,01939b30-2cf0-7410-9d62-dccf53412c70,haiku_rating,-0.34741586,{}
0193fb9e-1f85-7ef2-b0d5-344e07f232cd,01944abb-eb28-7f22-8731-310bea89ab70,haiku_rating,0.9961852,{}
0193fb9e-1b75-70c3-980d-edb7599ad331,0193b52b-e8b0-7d11-9ffd-2d7c69ce547a,haiku_rating,0.073030286,{}
0193fb9e-20dd-7c03-91ff-1d2c0ca83862,0194785d-0288-75a2-b0c1-abd1188c6968,haiku_rating,0.03343054,{}
0193fb9e-1e01-78b2-bf33-49d12f692ac5,0193abaa-5880-73e3-a181-378e394bd389,haiku_rating,0.6123183,{}
0193fb9e-1b76-71e2-96c3-7b582e185a95,0193b3e7-6e48-76a3-953b-9d8f27e70841,haiku_rating,-0.027454637,{}
0193fb9e-1b6d-7fe2-9d00-16f3cd8607ad,0193a228-c850-7a51-90b6-41ffcbb8ecf6,haiku_rating,0.7225238,{}
0193fb9e-20c1-7511-a3ae-054b6b2bfd29,01940e87-5de0-7300-8069-c065d076d63b,haiku_rating,0.36336195,{}
0193fb9e-2091-7922-9695-da620c26191e,0193f3e9-66e0-7d81-9eca-db5e65628890,haiku_rating,0.21735229,{}
0193fb9e-20e8-77e1-8f4c-9e50c7a21f4b,01937343-3688-7002-9847-bb8898a042ac,haiku_rating,1.2751197,{}
0193fb9e-20e8-77e1-8f4c-9e9a5fd6141f,01936184-9090-7023-89bc-e551ab89b0ab,haiku_rating,-0.0036796846,{}
0193fb9e-1f8c-7823-ab66-b7738de92b90,0193bc24-8410-7713-b1c1-f72fb155d1cf,haiku_rating,0.048440073,{}
0193fb9e-1b77-77e2-ad5f-3ed50ad22469,0194194d-6878-7f73-bfed-63a7bc963357,haiku_rating,-0.33504537,{}
0193fb9e-1db5-7c41-a823-9fb8b809aa42,0193d764-ba38-7960-b890-0426d877004a,haiku_rating,-0.4028501,{}
0193fb9e-1b77-77e2-ad5f-3f2ee18abd60,019392f3-1728-7253-b4a7-c6b0b2ef1ee0,haiku_rating,-0.09060105,{}
0193fb9e-1b81-7bb2-be4e-61e693ae9fba,019446ee-7fd8-7ac3-a0f9-d012ea2ab7ee,haiku_rating,0.30964768,{}
0193fb9e-1db4-77e2-b750-e411eee90173,0193feaf-7178-7ea2-95bd-f79b443b5b5e,haiku_rating,-0.6312626,{}
0193fb9e-2017-7dd1-be56-a07f83714c78,01944a19-afe8-77f2-b2f6-2442e6383242,haiku_rating,0.35980833,{}
0193fb9e-2033-7040-8582-5e42eeeedc10,019464b7-a6e8-7101-a857-ac321c305eb0,haiku_rating,0.40740815,{}
0193fb9e-1ff6-7ee0-9c13-d84f4dde6051,01943eb1-6a10-77c1-a420-cc083232eac7,haiku_rating,-0.042824946,{}
0193fb9e-2092-7801-a7d2-470a861d06d6,01943674-5448-74d0-af18-d039bc628f79,haiku_rating,1.105051,{}
0193fb9e-1f8d-7642-b6b4-f3838824b26f,01943c28-7540-7980-b086-284f9742b0b3,haiku_rating,0.32167816,{}
0193fb9e-20c1-7511-a3ae-0530e9ce9508,01945dbf-0b88-7c82-8bb7-cd623f1c4a62,haiku_rating,1.0817347,{}
0193fb9e-2099-76a2-a302-a025683ac615,0194064a-4818-7f52-bab8-8e5564a5f54c,haiku_rating,-0.0189483,{}
0193fb9e-20d5-7b10-b04d-5f7c15de829a,0193d806-f578-7142-b813-e9872ff3c78a,haiku_rating,-0.0014578257,{}
0193fb9e-2033-7040-8582-5ecea9422e05,0194413a-5ee0-73e0-85a7-a29251bced87,haiku_rating,0.36953416,{}
0193fb9e-2091-7922-9695-daa69076d52d,01934ddf-34f0-7d81-93e7-54c73f728671,haiku_rating,-0.22757076,{}
0193fb9e-1f96-7300-b02e-5cdbdc28ad0c,0193ae33-4968-7510-a2d9-887eae94f666,haiku_rating,0.011381569,{}
0193fb9e-1faa-7823-96d8-a982675710ad,0194143b-82c0-7983-a6de-5a8de03ec686,haiku_rating,-0.54003334,{}
0193fb9e-2033-7040-8582-5e99524b9886,019411b2-8df0-7df0-bf93-e3cb5e3cb31a,haiku_rating,-0.23429346,{}
0193fb9e-20db-7293-88af-fe829753a1ca,0193c136-69c8-79a2-b0a9-54fc20aba421,haiku_rating,0.035756357,{}
0193fb9e-20e3-7420-9b1c-6b9649ef1ed1,01938f25-a7f0-7610-96f7-a1c4d3857ef7,haiku_rating,1.4227989,{}
0193fb9e-1b34-7363-acfb-5d34bc48b612,01941dbd-12f0-70c0-a3b2-dc2e7662cbe7,haiku_rating,0.059051197,{}
0193fb9e-2092-7801-a7d2-46c7060ab922,01935db7-2540-7321-be67-a7596e85b4f1,haiku_rating,0.09755398,{}
0193fb9e-1dbf-7230-a351-48205696e91b,0193906a-2258-7030-b456-64ec1d106496,haiku_rating,0.27170473,{}
0193fb9e-20dd-7c03-91ff-1d3421b7c8f8,01946927-5160-7f23-b066-3c5dbbcbfb14,haiku_rating,-0.06300278,{}
0193fb9e-1e02-7f42-99b7-3e79562800ec,0193aa65-de18-7d12-ade5-d3196e747a59,haiku_rating,1.1445879,{}
0193fb9e-1b81-7bb2-be4e-61f7f272488d,01938e83-6cb0-7a73-b23d-cd91c6a0f27d,haiku_rating,-0.17645536,{}
0193fb9e-2018-7433-bba5-d88201e64ae7,01938092-3208-7230-88b5-6b3c3a438247,haiku_rating,-0.21307239,{}
0193fb9e-20ec-79a3-adc7-ab4489f07a31,01945d1c-d048-7a60-8c63-1e4a51c5e534,haiku_rating,-0.025116945,{}
0193fb9e-1b7a-7021-865c-7cd3e077cccc,0193b2a2-f3e0-7842-80f5-0e23d02679c0,haiku_rating,0.21812981,{}
0193fb9e-1fdf-70e1-820d-f2c1d32cd4df,01939db9-1dd8-7d02-be4e-d652787d5176,haiku_rating,-0.5349454,{}
0193fb9e-1db4-77e2-b750-e3eaa1194d37,01937487-b0f0-7313-a7bf-6e79a543e735,haiku_rating,0.08905017,{}
0193fb9e-208c-7153-9fc6-1fa6ace0110f,0193d2f5-0fc0-78c0-9a36-2beb84944e2d,haiku_rating,0.20894885,{}
0193fb9e-1b7a-7021-865c-7ca3d3c4ae93,0193bae0-09a8-7ed0-b812-b8d4abf21334,haiku_rating,0.5876236,{}
0193fb9e-1b80-7af1-a745-073627c97578,019352f1-1aa8-7c53-bb47-d94b7f850d60,haiku_rating,-0.1665592,{}
0193fb9e-2007-7e60-97af-8b2f6862bd1d,0193c1d8-a508-7d61-9070-8a409b372f42,haiku_rating,0.03962079,{}
0193fb9e-1b30-7032-bb9b-745d027be553,0193a4b1-bd20-7b50-b1d8-7621c8424c35,haiku_rating,0.026737697,{}
0193fb9e-1e34-7851-ac86-ab266bb8cc3e,019398a7-3820-72b0-8d2a-78bd3266855d,haiku_rating,-0.5816777,{}
0193fb9e-1e01-78b2-bf33-4955e8011819,0193d4db-c568-7fb2-b417-629e4cd87f99,haiku_rating,-0.043911986,{}
0193fb9e-1f96-7300-b02e-5c45bff832f2,01935a8b-f530-74e1-8b94-3c6df50a45ae,haiku_rating,-0.0018747792,{}
0193fb9e-1e01-78b2-bf33-494e17d7f22e,01934e81-7418-7771-9e62-e7258a64a4ea,haiku_rating,0.04718103,{}
0193fb9e-20dc-7c92-b3b9-2cb5d6c43a82,0193e5f8-3020-7082-afc9-605d76d7cca3,haiku_rating,-0.09480894,{}
0193fb9e-1b6d-7fe2-9d00-16e4e4d120ed,01936d8f-1590-7770-bb37-e17239e9a42b,haiku_rating,-0.1245561,{}
0193fb9e-1e02-7f42-99b7-3e4ab18434da,01938de1-3170-7350-97a0-3bc9804864ac,haiku_rating,0.034666646,{}
0193fb9e-1e01-78b2-bf33-49f845b29882,019456c6-7028-7c30-8dff-552521bd45eb,haiku_rating,0.08921041,{}
0193fb9e-1fdf-70e1-820d-f2b74f9433a7,019424b5-ae50-73d1-9bfa-e3e9fd7aba80,haiku_rating,-0.042545326,{}
0193fb9e-1b7e-7d91-847d-3ca9641f9ed9,0194218a-7e40-7cb3-aec1-5bcd943cda9b,haiku_rating,-0.030155914,{}
0193fb9e-1e00-7f92-9cbe-76d06ac215dc,019462d0-f140-76f1-a671-c98945fe92c9,haiku_rating,-0.34323296,{}
0193fb9e-1b6f-77c1-bde7-4e2c362bce7e,0193766e-6698-75a2-bee0-7abcaca2413a,haiku_rating,0.17604825,{}
0193fb9e-1ff6-7ee0-9c13-d83d6bef80e7,0193c5a6-1440-7743-a29f-703c9db3f85c,haiku_rating,1.3143121,{}
0193fb9e-1b7e-7d91-847d-3c7ebf1973ec,01935947-7ac8-77b0-80a5-e255440e2c7e,haiku_rating,-0.02324002,{}
0193fb9e-20d5-7b10-b04d-5f4c02c3298d,01934c9a-be70-7d72-a722-744cb572eb49,haiku_rating,-0.18254533,{}
0193fb9e-1b7e-7d91-847d-3cc30153a4da,01938134-7130-7392-a583-87951664fc9a,haiku_rating,-0.09088743,{}
0193fb9e-2090-75a0-8e99-0673bc46a286,0193b7b4-d998-7221-88da-24e8fff50f98,haiku_rating,-0.06890973,{}
0193fb9e-2033-7040-8582-5f19bc773f19,01939395-5268-7170-8a00-7f5b4b0b9f33,haiku_rating,-0.2895452,{}
0193fb9e-20d0-7e31-b3b6-85b35826e4e6,01940de5-22a0-7ac2-a294-4e78089f8f1c,haiku_rating,-0.022688076,{}
0193fb9e-20e3-7420-9b1c-6baf5e7cc92a,01936cec-d668-7082-82b3-8de8248cf612,haiku_rating,-0.117292136,{}
0193fb9e-1e01-78b2-bf33-48cb26c948d3,01936040-1a10-7210-bde3-846b5eadb4e0,haiku_rating,0.11245211,{}
0193fb9e-20db-7293-88af-fea246eddc27,0193ef79-bc68-7231-873f-99051c1f39b4,haiku_rating,-0.47524482,{}
0193fb9e-1b7b-7842-95c1-00bb4a3b6ed9,0193cde3-2a08-7f33-9f21-cfc1df678ca5,haiku_rating,0.115606785,{}
0193fb9e-1b80-7af1-a745-06fb81462682,01939efd-9840-7663-9120-e21d3ce4efd9,haiku_rating,1.3602579,{}
0193fb9e-1e00-7f92-9cbe-784506e167f1,0193c78c-c9e8-7df0-a5f3-08b212c628b1,haiku_rating,-0.037538253,{}
0193fb9e-1b73-7d80-9a1f-8d2689a947e0,01937e09-4120-7a03-91a7-a234908cd0f0,haiku_rating,0.60295707,{}
0193fb9e-20eb-74a0-8ae5-259d96d449e6,01937ade-1110-7480-a1b6-e943d3deab60,haiku_rating,-0.22709353,{}
0193fb9e-1ff6-7ee0-9c13-d82655e531c3,0193d06c-1af0-7260-80df-ff2267c1f69c,haiku_rating,-0.085040346,{}
0193fb9e-2033-7040-8582-5eba9b168144,019381d6-ac70-7f81-bca1-0d69dfa6ee5d,haiku_rating,0.10625362,{}
0193fb9e-20eb-74a0-8ae5-25867f03f0b9,0193b712-9e58-7c30-9b7a-096986d93c67,haiku_rating,-0.17910974,{}
0193fb9e-1b73-7d80-9a1f-8d39870fdcc0,0193640d-8560-7f83-a5c3-16c9906d6bc9,haiku_rating,0.7503424,{}
0193fb9e-20dc-7c92-b3b9-2cc725d5346e,0193c31d-1f70-7131-8d79-46dc97c13a9f,haiku_rating,0.011781087,{}
0193fb9e-2007-7e60-97af-8b5a0e937979,01944c00-6590-7ca2-895b-df671c9744fa,haiku_rating,-0.46406198,{}
0193fb9e-20c0-7fb3-abeb-d152477fd9bd,01945c7a-9120-7620-bd8d-1bc7c4f23eb2,haiku_rating,0.40051052,{}
0193fb9e-1e01-78b2-bf33-4a38ebcc82f2,01941110-52b0-7e13-802c-dd2185ce6d84,haiku_rating,0.23386535,{}
0193fb9e-2017-7dd1-be56-a088876ec605,01943ff5-e478-7a90-b261-f348938d5956,haiku_rating,0.56195045,{}
0193fb9e-1e01-78b2-bf33-48ad652a00e7,0193e22a-c0e8-7982-88c6-c50b2f8a43ef,haiku_rating,0.10943409,{}
0193fb9e-1dfa-7af3-966f-4073ec139702,019454df-ba80-7140-a369-282cb4bdeac9,haiku_rating,-0.054582044,{}
0193fb9e-20c0-7fb3-abeb-d1c2985e06fc,0193deff-90d8-7440-bd20-dfe5dc241f80,haiku_rating,0.82136834,{}
0193fb9e-20c1-7511-a3ae-04f9ed32afa7,0193bff1-ef60-7931-86d2-c133ce556ad6,haiku_rating,0.35967517,{}
0193fb9e-2092-7801-a7d2-46ae87788d23,0193f8fb-4c98-7cb0-a950-57d7be1de334,haiku_rating,0.15767916,{}
0193fb9e-1b79-7961-b22d-c698e9cfaf86,0193d439-8a28-7db1-9821-d6a02df0cd1e,haiku_rating,-0.17706697,{}
0193fb9e-1dfd-7333-8720-7367b725254b,01947e11-2768-7061-913b-ee2d0b5209ac,haiku_rating,0.08244219,{}
0193fb9e-1dfd-7333-8720-734293e3be97,01946e39-3718-7a42-8eed-36eef56e0f6b,haiku_rating,-0.23605661,{}
0193fb9e-1f96-7300-b02e-5c3712d058c2,01940096-2720-7050-8454-c1e3d606e578,haiku_rating,1.2118421,{}
0193fb9e-20e5-7682-b800-612cd5094ee3,019481de-92b8-7dc1-8947-65440a8ac60d,haiku_rating,-0.1201986,{}
0193fb9e-2018-7433-bba5-d7a4a73f83b6,01942557-e990-7d10-ae88-33124f79f21d,haiku_rating,-0.4476679,{}
0193fb9e-1f83-71d1-ae1a-4c90f071a42f,019367da-f0b0-7f52-a331-703acc049d50,haiku_rating,-0.35486454,{}
0193fb9e-2007-7e60-97af-8b35c6d774df,01937fef-f6c8-71e1-9196-fa070949a7a7,haiku_rating,0.12950566,{}
0193fb9e-1b7a-7021-865c-7cba34e72536,019483c5-4860-7ee0-a381-419d3d8e74ca,haiku_rating,0.3310451,{}
0193fb9e-2033-7040-8582-5e76d0159a36,01943d6c-efa8-75d0-841f-b872a775cb3a,haiku_rating,-0.20012955,{}
0193fb9e-1b82-7423-97fc-4f6af4a39fd5,01946cf4-bcb0-7970-9f81-2df6b6d65f55,haiku_rating,0.8873373,{}
0193fb9e-1e00-7f92-9cbe-783529017a95,0194348d-9ea0-7ac3-b1d6-2ece57fcc02d,haiku_rating,0.2929641,{}
0193fb9e-2091-7922-9695-daf88f1ac739,01938b58-3ca0-7c73-93c3-745526e36b8d,haiku_rating,0.04855192,{}
0193fb9e-1fa5-7441-8d4c-44b90f6ba489,019419ef-a3b8-7a62-a292-2b630f9489be,haiku_rating,-0.010084339,{}
0193fb9e-1f95-7890-8a82-f349cacd04dd,01942371-33e8-7ac2-bb90-ad67b12489d0,haiku_rating,0.35482216,{}
0193fb9e-1e00-7f92-9cbe-771d8f412f38,01944098-1fb8-7210-8e03-d0594e870373,haiku_rating,0.08120763,{}
0193fb9e-1b82-7423-97fc-4f8d3749e547,01939a8d-edc8-7010-acdb-213f299c8c1c,haiku_rating,0.27540138,{}
0193fb9e-1e01-78b2-bf33-493d3a8376a0,019365f4-3b08-7472-899e-50010d479755,haiku_rating,-0.6771665,{}
0193fb9e-20d0-7e31-b3b6-85eb418cf1e5,019443c3-4fc8-7033-b9fb-d0c8e6e88ce9,haiku_rating,-0.12222531,{}
0193fb9e-1e01-78b2-bf33-499c6e3255eb,0193fc26-7ca8-7ea2-a91f-9bf99259c077,haiku_rating,0.061490513,{}
0193fb9e-1dfd-7333-8720-731cea959340,0193acee-d2e8-7c11-b42f-c4edd9f19337,haiku_rating,-0.051279128,{}
0193fb9e-2033-7040-8582-5e361e0cbd6f,0194273e-a320-71a2-8703-44fa2b0c60e0,haiku_rating,1.4009919,{}
0193fb9e-20db-7293-88af-feb07ec2ee15,0193cb5a-3538-7050-9974-a423d6d1a2e2,haiku_rating,0.16427056,{}
0193fb9e-2018-7433-bba5-d81d7e7d53bb,0193d397-4b00-7081-b493-8c189e91bad0,haiku_rating,1.2166399,{}
0193fb9e-1f96-7300-b02e-5cb408a65f47,0193882d-0c90-70c1-a5e5-f36b0d9eb6eb,haiku_rating,-0.33525258,{}
0193fb9e-2092-7801-a7d2-462d51b29c77,01939762-bdb8-7952-a0e9-2238f8a5e773,haiku_rating,-0.34676662,{}
0193fb9e-2099-76a2-a302-a003ef34deed,019475d4-11a0-7130-af6d-9b3e241bb998,haiku_rating,0.85581815,{}
0193fb9e-1b7b-7842-95c1-00fc56d8148b,0193561c-4ab8-75f0-9265-0146203614e5,haiku_rating,0.11033162,{}
0193fb9e-20c0-7fb3-abeb-d1acb68d3e92,01937855-1c40-71c1-a87f-36416636d54b,haiku_rating,-0.44054312,{}
0193fb9e-1dfd-7333-8720-7324f98ca6b1,019467e2-d6f8-70e2-9b60-470eadd1b181,haiku_rating,-0.08637754,{}
0193fb9e-2092-7801-a7d2-46e9a440c785,0193ec4e-8c58-77d1-9bc5-906b6b244eb3,haiku_rating,0.9215864,{}
0193fb9e-1b81-7bb2-be4e-6232c28931ad,0193a921-63b0-7cf3-93f2-8d0521b7e7f2,haiku_rating,0.3746341,{}
0193fb9e-1b76-71e2-96c3-7b449678fb07,01946048-0058-7600-8d44-e975e2a34c41,haiku_rating,0.041067433,{}
0193fb9e-1b7a-7021-865c-7cc69b4e23f1,01935f9d-dae8-7da0-9cb2-10439473ec08,haiku_rating,0.55543363,{}
0193fb9e-2092-7801-a7d2-4649ed163038,019425fa-28b8-7e63-8aa2-d3d49f9be599,haiku_rating,0.3088769,{}
0193fb9e-1f96-7300-b02e-5cc95c2093d5,01945fa5-c130-7b53-a739-084bef677953,haiku_rating,-0.5034926,{}
0193fb9e-2092-7801-a7d2-475ac7c2bd32,0194809a-1850-7c61-aa41-f62c6df75370,haiku_rating,1.055797,{}
0193fb9e-1f96-7300-b02e-5cfca83b7aa4,019354d7-d438-76a3-a34f-01121584257b,haiku_rating,0.12111644,{}
0193fb9e-1e01-78b2-bf33-49b152fddea3,01938bfa-77e0-74d2-85c4-fac23eeda929,haiku_rating,0.10319268,{}
0193fb9e-1f95-7890-8a82-f35719626916,01947a43-bc18-7832-9e84-b622bdeb4416,haiku_rating,0.61010224,{}
0193fb9e-2032-77a3-bfce-974e46345f7a,0193ea67-d6b0-7c61-b755-6574d2a06acf,haiku_rating,0.114008255,{}
0193fb9e-2099-76a2-a302-a0830e7a4154,01944ca2-a4b8-71a0-8935-5e8337eb8282,haiku_rating,-0.141648,{}
0193fb9e-205c-7691-8b1f-3eba297a484c,0193fcc8-bbd0-7f52-be49-ded0d99934ab,haiku_rating,0.14227855,{}
0193fb9e-1e00-7f92-9cbe-7781d4a6c5c2,01941b34-1e20-7fd1-a264-23bb84592cde,haiku_rating,0.38797182,{}
0193fb9e-1dbf-7230-a351-48182ae967ad,0194734b-1cd0-7ac0-9240-b1e99c47896b,haiku_rating,0.14086573,{}
0193fb9e-1faa-7823-96d8-a998c4354072,01936696-7648-7cb2-9de8-b65a2be1e88e,haiku_rating,0.24598673,{}
0193fb9e-20d5-7b10-b04d-5f5bc6f35d37,0193636b-4638-7c32-98b6-6e1dbef24cfc,haiku_rating,0.3819636,{}
0193fb9e-1f96-7300-b02e-5ce18f38ea21,0194301d-f428-77b1-9960-d77cc5b7a092,haiku_rating,-0.17747833,{}
0193fb9e-205c-7691-8b1f-3ea89315a9d9,0193f5d0-1c88-7fe0-bc4b-b46e94c1b5bd,haiku_rating,1.2355926,{}
0193fb9e-1b7e-7d91-847d-3c97baccd473,0193dfa1-d000-7051-9a02-2118380007ea,haiku_rating,0.047522347,{}
0193fb9e-1b76-71e2-96c3-7b6e6270a8fc,0194269c-63f8-7ed3-baa0-d8680e6fdb32,haiku_rating,0.5238504,{}
0193fb9e-2092-7801-a7d2-4672ae10b06d,019430c0-2f68-75b3-9e01-f629a40019cb,haiku_rating,-0.05586428,{}
0193fb9e-1b7e-7d91-847d-3ceb715df729,019373e5-75b0-7c80-b6bd-309eb6cf5f12,haiku_rating,-0.48777822,{}
0193fb9e-2099-76a2-a302-a154cb4eec6a,01941254-cd18-7b03-b444-60c73e33d047,haiku_rating,-0.14103583,{}
0193fb9e-1f95-7890-8a82-f309c6573756,0193f48b-a220-7e52-8eb6-40acfa591c53,haiku_rating,-0.15343544,{}
0193fb9e-1b7d-70b3-bc37-9cbff18bd16a,0193a698-72c8-7380-8827-598fbe67de5e,haiku_rating,0.058390338,{}
0193fb9e-1b77-77e2-ad5f-3f14c303dcb7,019427e0-de60-71f3-a7b2-1e5e771537f5,haiku_rating,-0.15823904,{}
0193fb9e-1b81-7bb2-be4e-62530c704402,01938278-eb98-77a3-abbf-88c553bc81d8,haiku_rating,-0.13962236,{}
0193fb9e-2033-7040-8582-5f031ca4c4b9,01944b5e-2a50-71d3-b083-1ceed707a334,haiku_rating,0.09904949,{}
0193fb9e-1e02-7f42-99b7-3dca1fa3a101,01941d1a-d3c8-7553-b371-649681b61c58,haiku_rating,0.18543075,{}
0193fb9e-1e00-7f92-9cbe-78157e3fd337,0193b15e-7978-7113-b3b7-6d028d0c4c80,haiku_rating,-0.62367517,{}
0193fb9e-1e01-78b2-bf33-48e1b87b5917,01941808-ee10-70a2-af1c-559546fd254b,haiku_rating,-0.08263352,{}
0193fb9e-1e00-7f92-9cbe-7790a386f888,01945a93-db78-7142-a828-c24fcbd83696,haiku_rating,0.07629455,{}
0193fb9e-2099-76a2-a302-a0bd02e2d205,01939d16-e298-70c2-bfd5-78ced81145a5,haiku_rating,-0.47743645,{}
0193fb9e-1faa-7823-96d8-a9dfbef9f956,019448d5-3580-72e2-a291-1cb8b06f73aa,haiku_rating,0.058192667,{}
0193fb9e-208d-7432-8e7e-e28b2669113f,0193bcc6-bf50-7850-a76d-24836ae85077,haiku_rating,-0.018975664,{}
0193fb9e-20c1-7511-a3ae-0564e5b64e43,0193e69a-6b60-7bf2-a700-488c5d1c1cac,haiku_rating,0.28860047,{}
0193fb9e-20e8-77e1-8f4c-9e6306a504e1,01941bd6-5d48-7a33-acee-60a74a3c6663,haiku_rating,-0.0015320742,{}
0193fb9e-1b79-7961-b22d-c6ba49cd45f9,0193c648-4f80-78d2-b720-fc81689a99db,haiku_rating,0.18337262,{}
0193fb9e-20c1-7511-a3ae-0507cd0bd4d4,01942ed9-79c0-7943-be79-bccacceed41e,haiku_rating,0.3644723,{}
0193fb9e-2099-76a2-a302-a0d6d4cf9a45,01940505-d198-7600-9296-80884edcbc0a,haiku_rating,-0.09773371,{}
0193fb9e-1dfb-7e72-bb84-d93ff35c7097,01934fc5-ea98-71f0-8191-9fd88f34c28b,haiku_rating,1.3100634,{}
0193fb9e-2092-7801-a7d2-4767270d704c,0193e9c5-9b70-79e0-a42d-5da778d1609b,haiku_rating,0.94081825,{}
0193fb9e-1f96-7300-b02e-5c87bab3f943,0193c27a-e430-7dc0-ab21-c0e6d8ee7c08,haiku_rating,0.050056957,{}
0193fb9e-1b7b-7842-95c1-00e6e3ebdcd6,0194078e-c280-7263-b066-5118bf5dbf69,haiku_rating,0.8320003,{}
0193fb9e-20d0-7e31-b3b6-8594ed796354,01941e5f-4e30-7420-8a8c-408c7540ccbe,haiku_rating,0.115544744,{}
0193fb9e-1e00-7f92-9cbe-76f27499e359,01946a6b-cbc8-7843-8a81-6bf8b8f40bd3,haiku_rating,0.039109156,{}
0193fb9e-20db-7293-88af-fe2aa9913acf,01946415-6ba8-76d0-817c-0c2b64736e12,haiku_rating,0.14044526,{}
0193fb9e-1b82-7423-97fc-4f7a63fec459,01947206-a268-77f2-b102-ce9131190edf,haiku_rating,0.15865025,{}
0193fb9e-1f8c-7823-ab66-b763a2f32188,01946885-1620-7c41-92ba-31b0af24416c,haiku_rating,-0.16285451,{}
0193fb9e-2018-7433-bba5-d837f481dcc5,0193cab7-f9f8-73d1-aaf0-2391576a04df,haiku_rating,-0.32117897,{}
0193fb9e-2018-7433-bba5-d78560ef68a3,01943a41-bf98-7473-8b4e-2b7bbe7478bb,haiku_rating,-0.15643999,{}
0193fb9e-2092-7801-a7d2-47de7970ef11,0193b8f9-5400-7902-81cd-5794f6038b2d,haiku_rating,-0.5531278,{}
0193fb9e-1e01-78b2-bf33-492479615050,01945112-4b48-7db3-8a8d-174a3c23a65e,haiku_rating,0.30126786,{}
0193fb9e-20e9-73d2-9576-3cf4cd921bf5,0193aed5-8890-7203-ae30-99a7ca8df9d7,haiku_rating,-0.043213654,{}
0193fb9e-1b7e-7d91-847d-3c8e6380d018,0193524e-df68-7431-9286-91882edf4f64,haiku_rating,0.018377412,{}
0193fb9e-1b81-7bb2-be4e-61c977b8e4ae,01942e37-3e80-76b1-982b-76bc9269ece6,haiku_rating,0.49089396,{}
0193fb9e-2018-7433-bba5-d864f411ff0f,01948509-c2c8-7d13-827e-39af5c8a4853,haiku_rating,0.34367865,{}
0193fb9e-2099-76a2-a302-a0596689e37e,019371fe-bc20-7820-a5e5-d803f3bc5d30,haiku_rating,0.33232367,{}
0193fb9e-20db-7293-88af-fe9baebbe634,019375cc-2b58-7492-a8da-28248bb73a26,haiku_rating,0.60532004,{}
0193fb9e-1e00-7f92-9cbe-777c666660da,01948323-0d20-7370-a63f-01ad10ebd9ad,haiku_rating,0.22645025,{}
0193fb9e-1e00-7f92-9cbe-77a4a99ee881,01947ff7-dd10-7f71-acf4-a3731d082d08,haiku_rating,0.2795524,{}
0193fb9e-1e02-7f42-99b7-3e2a939600b4,0193cbfc-7460-7c03-a0da-1515f2cefc6e,haiku_rating,-0.19568004,{}
0193fb9e-20e5-7682-b800-6133ffabe84e,01946c52-8170-7021-96b8-b97cce517977,haiku_rating,1.4216688,{}
0193fb9e-2018-7433-bba5-d79cc46d4f2b,01942a69-d330-7f81-97f9-a3bf8cdc237b,haiku_rating,0.86627644,{}
0193fb9e-2092-7801-a7d2-461d52d211b9,0193d9ed-ab20-78f0-868a-a2bb95f1a788,haiku_rating,0.15567362,{}
0193fb9e-205d-7c22-813a-787f7254a4c7,0193a0e4-4de8-77e1-9ec5-7e182c02279f,haiku_rating,0.5043196,{}
0193fb9e-20e8-77e1-8f4c-9e3f4aa1fc81,0193a042-12a8-7223-b98b-5daa05151d9c,haiku_rating,-0.04414293,{}
0193fb9e-1dfc-70b2-af9d-dcc373e4c315,0193e4b3-b5b8-7ff1-967e-b7dee903cb5c,haiku_rating,0.19038774,{}
0193fb9e-1b30-7032-bb9b-744cc85eab23,01947531-d278-7393-9b29-aef3fc4f4bbb,haiku_rating,0.13707964,{}
0193fb9e-2018-7433-bba5-d8a58c11f68f,01942b0c-0e70-78b2-85e7-1d5ef54f793a,haiku_rating,1.7369937,{}
0193fb9e-2032-77a3-bfce-97763541326a,0194427e-d560-7181-b0e9-1d4aa1f675a8,haiku_rating,0.122199886,{}
0193fb9e-1e00-7f92-9cbe-773240a36b21,0193a2cb-0390-7f12-9e7a-288aa7142d78,haiku_rating,-0.04375274,{}
0193fb9e-20e5-7682-b800-610d89630943,019433eb-5f78-71b0-b926-7c2bfb0b2320,haiku_rating,-0.22632626,{}
0193fb9e-20ec-79a3-adc7-ab0bd880ba13,01942925-58c8-76e1-84b6-7dc9702af1aa,haiku_rating,0.42494598,{}
0193fb9e-1b7e-7d91-847d-3cb5d0ac4b30,019460ea-3b98-76c0-a658-e774d2ac859d,haiku_rating,1.4032298,{}
0193fb9e-1e00-7f92-9cbe-77c049e41f73,019438fd-4530-7230-bdd4-2481130ff42d,haiku_rating,0.12149909,{}
0193fb9e-2033-7040-8582-5eef0f4d9b41,0193f52d-e148-7a93-ac86-6df18f7260f4,haiku_rating,-0.06478474,{}
0193fb9e-20db-7293-88af-fe609f1662b2,0194352f-d9e0-7a82-b05b-0e844f180327,haiku_rating,1.4630417,{}
0193fb9e-1e00-7f92-9cbe-785cd85e2f16,019435d2-1908-7740-bb1b-10a653538c7f,haiku_rating,-0.029042657,{}
0193fb9e-2018-7433-bba5-d840fd7e4603,01948467-8788-76c1-9e62-08e76ec32931,haiku_rating,0.4710045,{}
0193fb9e-1b73-7d80-9a1f-8cf2f75d9900,01937a3b-d1e8-77b1-99cd-2ec36457db70,haiku_rating,0.722922,{}
0193fb9e-1b81-7bb2-be4e-621556790c7c,01942f7b-b8e8-7ca0-833e-0e4d05a8ed99,haiku_rating,0.39238998,{}
0193fb9e-1b82-7423-97fc-4f3ed9ee6da6,019358a5-3f88-71f0-8cef-e90e3f35b787,haiku_rating,-0.19451219,{}
0193fb9e-20e7-7040-ba61-6a5072ad1d9b,01935e59-6080-7ef3-9c10-57ce27d18347,haiku_rating,0.16703928,{}
0193fb9e-20e3-7420-9b1c-6b801f447d9b,019362c9-0af8-7fb2-97a6-c19cf63f04bf,haiku_rating,1.1349503,{}
0193fb9e-1b82-7423-97fc-4f4f62e587d6,0194539b-4018-7312-a242-abb999565def,haiku_rating,1.2850447,{}
0193fb9e-2092-7801-a7d2-46d2eec92b35,01935d14-ea00-70f1-bc45-0e1d6debb495,haiku_rating,-0.06915304,{}
0193fb9e-1dfc-70b2-af9d-dd0980f52218,0193fe0d-3250-7eb0-a7a1-a2a814a4c904,haiku_rating,-0.47836298,{}
0193fb9e-1b75-70c3-980d-edda670a7568,019364af-c0a0-7c52-82df-979fb6c64893,haiku_rating,-0.07644353,{}
0193fb9e-2018-7433-bba5-d89d00104827,0193e188-85a8-7311-892e-287667c6f0c9,haiku_rating,-0.32421175,{}
0193fb9e-1dfd-7333-8720-730835823b9c,0193d1b0-9558-73e2-a34a-74b3f9082026,haiku_rating,-0.076684356,{}
0193fb9e-208c-7153-9fc6-1f947eeaf723,01942883-19a0-76d2-b333-36e97b852041,haiku_rating,0.52211636,{}
0193fb9e-1de4-72c1-a092-730573c7ec30,019451b4-8a70-7140-9bab-90d94dcf92c7,haiku_rating,0.17843239,{}
0193fb9e-1dfa-7af3-966f-408e758fb015,0193687d-2fd8-7802-8e7c-042818fbcf57,haiku_rating,0.2965849,{}
0193fb9e-1b7d-70b3-bc37-9cf29d7c4862,0193f160-75f8-7b21-b589-217f771b8dfb,haiku_rating,1.4047863,{}
0193fb9e-1b77-77e2-ad5f-3f0f0ce17aa0,01938ab6-0160-76c2-b099-ed8de2b47f04,haiku_rating,0.32400364,{}
0193fb9e-1b7b-7842-95c1-01072f92683c,0193957c-0810-77b1-9066-0d03d9bd0d68,haiku_rating,1.143277,{}
0193fb9e-20e5-7682-b800-6111fdf40a3a,0193c461-99d8-7c32-9043-9110817ad9e0,haiku_rating,0.19558877,{}
0193fb9e-1b80-7af1-a745-071cfdf88406,01944790-bb18-7863-b4c0-ea451965f39a,haiku_rating,0.46407828,{}
0193fb9e-2091-7922-9695-da4465202178,0193fb84-4168-70a3-95ed-0d079595440c,haiku_rating,-0.029824898,{}
0193fb9e-1e02-7f42-99b7-3e0379525be7,019406ec-8740-7a10-91ae-bb7cf0a77215,haiku_rating,-0.10482706,{}
0193fb9e-1f96-7300-b02e-5c64948e8cb8,0193e881-2108-7da1-aa48-ea426af34e54,haiku_rating,0.13688749,{}
0193fb9e-2018-7433-bba5-d7d23cc91ef5,01946559-e610-7c32-b6a6-7e2db4af3d57,haiku_rating,-0.11273104,{}
0193fb9e-2033-7040-8582-5e5565609396,01945581-f5c0-7632-be89-36ca6fb75e88,haiku_rating,0.023318883,{}
0193fb9e-1b82-7423-97fc-4f90945e055b,01943b86-3a00-7d40-b9d3-d52eb6d2cbf6,haiku_rating,1.0720279,{}
0193fb9e-20c0-7fb3-abeb-d20f4ccc3324,019465fc-2150-73c1-a30c-516aa45c6620,haiku_rating,-0.40950575,{}
0193fb9e-1f96-7300-b02e-5ca45be8aa4b,0194385b-09f0-7fd1-b093-7819e10a4375,haiku_rating,0.1317705,{}
0193fb9e-20ec-79a3-adc7-ab2dbc724edd,019370ba-45a0-7391-8687-e792e461591e,haiku_rating,0.18530829,{}
0193fb9e-1e02-7f42-99b7-3e13070c6bb8,0193d252-d480-7b30-8198-ede38a71c7d4,haiku_rating,-0.092706144,{}
0193fb9e-20c1-7511-a3ae-055b801b1879,0193ab08-1958-73f0-b397-44005bed9f3d,haiku_rating,0.091571875,{}
0193fb9e-20ea-7d63-94dd-79f4df6e90ef,0193ddbb-1a58-7fe1-aede-1910e92826c6,haiku_rating,0.2745029,{}
0193fb9e-2099-76a2-a302-a06dc0a68df3,0193f347-2ba0-7da2-a6ae-e96edf29fab9,haiku_rating,-0.18817565,{}
0193fb9e-2018-7433-bba5-d8b4422ce14c,019477ba-c748-79c0-a3b6-f13a0b96e726,haiku_rating,-0.13176094,{}
0193fb9e-200d-7221-98fd-8892a2ccf44a,019432a6-e8f8-7a00-86f7-c909ef103c9a,haiku_rating,-0.5868741,{}
0193fb9e-1dfc-70b2-af9d-dcd2b6fd4a3e,0193ba3d-ce68-7282-ada6-4a3ca10b049c,haiku_rating,-0.19695193,{}
0193fb9e-20c0-7fb3-abeb-d165e1302668,0193be0b-39b8-7121-b340-568ef3931551,haiku_rating,-0.08503084,{}
0193fb9e-1e02-7f42-99b7-3dd92a46bab8,0193de5d-5598-7cf3-8ca6-18414684bbab,haiku_rating,-0.45767015,{}
0193fb9e-1f95-7890-8a82-f311f81459c7,0193a73a-ae08-7193-83d0-639e672f52c2,haiku_rating,-0.17018503,{}
0193fb9e-1b7b-7842-95c1-00d165a30f0a,01943204-a9d0-7993-9d37-80b81f5b312a,haiku_rating,-0.1316366,{}
0193fb9e-1b7d-70b3-bc37-9cdc04274aaf,0193831b-26d8-71c1-8de2-cac115841c43,haiku_rating,0.14057724,{}
0193fb9e-2099-76a2-a302-a011dfa06f1c,0193f2a4-ec78-7673-ba8e-710a270976e9,haiku_rating,-0.17123479,{}
0193fb9e-1e00-7f92-9cbe-77f09b96e601,01945e61-46c8-76b0-a77e-c612b819d69e,haiku_rating,-0.15272592,{}
0193fb9e-20e8-77e1-8f4c-9eaef7f4d851,01947b88-3298-7c31-b858-e2122a4aff68,haiku_rating,-0.06933991,{}
0193fb9e-1b79-7961-b22d-c6df1ef2a133,019360e2-5550-7b40-b9e1-415644526257,haiku_rating,0.11051731,{}
0193fb9e-1e00-7f92-9cbe-7746985579b5,0193eed7-8128-7531-b0fe-727d2f0ccfb5,haiku_rating,0.5251642,{}
0193fb9e-20c0-7fb3-abeb-d183f900d518,019405a8-0cd8-7791-909d-20ab9c69a2b2,haiku_rating,0.10730404,{}
0193fb9e-1fa5-7441-8d4c-449233141ac2,01939c74-a370-70d0-9bef-dcf310d80326,haiku_rating,0.85999525,{}
0193fb9e-1e02-7f42-99b7-3df78c644015,0193e555-f0f8-7c73-b76f-e442412f28a6,haiku_rating,0.84984404,{}
0193fb9e-1e01-78b2-bf33-48b82c5715bc,01940463-9270-7b41-8174-c7336dca17b5,haiku_rating,-0.3910928,{}
0193fb9e-1b77-77e2-ad5f-3ee977d3599c,019422ce-f8a8-7110-a3b6-6529746e582a,haiku_rating,-0.34759742,{}
0193fb9e-2099-76a2-a302-a0436f4ebe67,01939e5b-5d00-7000-836e-87690171716d,haiku_rating,0.6233291,{}
0193fb9e-205d-7c22-813a-786705c1f3f5,01941399-4780-7e71-909f-a52c84612217,haiku_rating,-0.15465997,{}
0193fb9e-1fa5-7441-8d4c-444400c70de6,01941a91-e2e0-7171-a719-9a239f905689,haiku_rating,-0.06348154,{}
0193fb9e-1e01-78b2-bf33-48fbe02591e4,0194222c-b980-7491-9231-b8c16a2774c2,haiku_rating,0.08341174,{}
0193fb9e-1b7d-70b3-bc37-9cc25adb829f,0194813c-5778-79e3-ba77-5a8e2b476efc,haiku_rating,0.013837002,{}
0193fb9e-1b7d-70b3-bc37-9ca6562e4f93,01945f03-85f0-7530-967b-642c27a02356,haiku_rating,0.45046335,{}
0193fb9e-20e2-7b51-b24a-e72b4d56bf68,019351ac-a428-73f1-ae44-1ee9f93e4d2e,haiku_rating,-0.22789337,{}
0193fb9e-1b7e-7d91-847d-3c4e154088f2,01944507-ca30-7ff1-a541-8f19338c7a65,haiku_rating,1.5507936,{}
0193fb9e-1b81-7bb2-be4e-61dc5578eeaa,0193c094-2e88-7b43-bd8a-30cef08131e4,haiku_rating,0.226775,{}
0193fb9e-2092-7801-a7d2-4630c15cc379,01939437-8da8-7332-ac78-7894e9fd5d66,haiku_rating,0.2947628,{}
0193fb9e-1e34-7851-ac86-ab04fee0298e,01948280-d1e0-7801-aa20-e9a317db3c35,haiku_rating,-0.008777949,{}
0193fb9e-1b80-7af1-a745-072f49b97b39,019412f7-0858-7890-bc16-07b1cc6a8961,haiku_rating,-0.41732773,{}
0193fb9e-1dfb-7e72-bb84-d946fd71d929,01945070-1008-7472-b49c-d2b3065c456a,haiku_rating,-0.11551357,{}
0193fb9e-2091-7922-9695-da9554e10d64,0194669e-5c90-7491-81fc-d3abb826dd68,haiku_rating,0.16511574,{}
0193fb9e-1e01-78b2-bf33-490937ef9280,019377b2-e100-7022-8740-b228ebc52d83,haiku_rating,-0.42788517,{}
0193fb9e-1b82-7423-97fc-4efafab243ed,0193f0be-36d0-7731-9381-8f9cd0c85c16,haiku_rating,0.27299753,{}
0193fb9e-1db4-77e2-b750-e40a956dcdaf,019472a8-e190-72a1-8b9e-66a4f558c6bb,haiku_rating,0.13943866,{}
0193fb9e-2018-7433-bba5-d857b87b5a72,01940a17-b750-73e2-9416-4d8578f3bd4d,haiku_rating,-0.09445002,{}
0193fb9e-1e00-7f92-9cbe-772e9c37a650,0193e0e6-4680-7333-8d5c-e0042e2b24f9,haiku_rating,-0.23732439,{}
0193fb9e-1dfc-70b2-af9d-dd1c86417c2f,01944fcd-d0e0-7010-a76f-e6c2ca10f649,haiku_rating,-0.5943288,{}
0193fb9e-200d-7221-98fd-888bf2bd735f,0193c8d1-4450-7912-a398-4e907d868481,haiku_rating,-0.14944567,{}
0193fb9e-1db0-79e0-a87b-cc54eca7d709,019452f9-00f0-7322-982a-591f6cc54e6a,haiku_rating,-0.22365625,{}
0193fb9e-2099-76a2-a302-a106eaa93834,0193da8f-ea48-7f00-8a35-d5b36ddef84c,haiku_rating,0.24110235,{}
0193fb9e-1b73-7d80-9a1f-8d09d805e2a0,01937cc4-c6b8-7a60-b95f-88470761dfc8,haiku_rating,-0.3415749,{}
01940a91-cba0-7ee1-92cd-0db156c9a44b,0193fb9d-5da0-7332-822a-00d597850de4,haiku_rating_episode,0.11033162,{}
01940a91-cba0-7ee1-92cd-02ff2555c621,0193fb9d-66f7-74c0-829a-1ecadf494812,haiku_rating_episode,-0.07413506,{}
01940a91-cba0-7ee1-92cc-f84c06cad62b,0193fb9d-4cb2-7d43-8305-3ed9d09a093d,haiku_rating_episode,-0.3355311,{}
01940a91-cba0-7ee1-92cc-fc2ae0169f28,0193fb9d-b679-7cb1-840f-88abcd726f6a,haiku_rating_episode,0.09755398,{}
01940a91-cba0-7ee1-92cd-0d6a59cb5960,0193fb9d-689b-7282-8558-1b2e283ebb2e,haiku_rating_episode,-0.6771665,{}
01940a91-cba0-7ee1-92cd-0370191837d6,0193fb9d-bd56-78e2-86a8-01b362bb0b9e,haiku_rating_episode,0.4018564,{}
01940a91-cba0-7ee1-92cd-0832a3c4acaa,0193fb9d-4cc8-7172-86ae-954479e28448,haiku_rating_episode,0.25128707,{}
01940a91-cba0-7ee1-92cd-0b8032060a2b,0193fb9d-4cc9-7e92-87ea-b28882fa3bd1,haiku_rating_episode,0.17604825,{}
01940a91-cba0-7ee1-92cc-fcd50c8f55b0,0193fb9d-4cc9-7e92-87ea-b2f0878bd2c0,haiku_rating_episode,-0.22709353,{}
01940a91-cba0-7ee1-92cd-04b39d47e84b,0193fb9d-68fe-7570-87fa-4135656b21e9,haiku_rating_episode,0.33208966,{}
01940a91-cba0-7ee1-92cc-f81dc410f390,0193fb9d-ac15-7b52-88a5-cbcd633fe8bc,haiku_rating_episode,0.59477824,{}
01940a91-cba0-7ee1-92cd-046054cce765,0193fb9d-5b3b-7ee2-896a-54599d4af40c,haiku_rating_episode,1.1764781,{}
01940a91-cba0-7ee1-92cd-0549933b7df9,0193fb9d-8491-7c52-89c8-175c54ddaf36,haiku_rating_episode,0.0828629,{}
01940a91-cba0-7ee1-92cd-09a0bfb98069,0193fb9d-5a8d-70c3-8a62-d6f0556b6ebc,haiku_rating_episode,-0.09060105,{}
01940a91-cba0-7ee1-92cc-f6e8de12ae7e,0193fb9d-a756-7680-8ae2-4694cb8071b4,haiku_rating_episode,1.0974959,{}
01940a91-cba0-7ee1-92cc-fdbb381b83be,0193fb9d-a323-7591-8b15-2c613c9320fa,haiku_rating_episode,-0.34676662,{}
01940a91-cba0-7ee1-92cd-0ae863c569ea,0193fb9d-8ecd-7270-8b54-69e38be2ae8c,haiku_rating_episode,-0.5816777,{}
01940a91-cba0-7ee1-92cd-0d5aeb511965,0193fb9d-6bc3-76a2-8be6-639f6cbc5327,haiku_rating_episode,0.27540138,{}
01940a91-cba0-7ee1-92cc-f5a3ed582cc9,0193fb9d-ba80-7250-8d3c-ce3cc269cfa7,haiku_rating_episode,0.26302707,{}
01940a91-cba0-7ee1-92cc-ff933dfb8ba3,0193fb9d-ab55-7613-8d6e-e77a47eddefb,haiku_rating_episode,-0.04414293,{}
01940a91-cba0-7ee1-92cd-0291a956b3d6,0193fb9d-928f-7980-8efd-132d26eeb756,haiku_rating_episode,-0.095403954,{}
01940a91-cba0-7ee1-92cd-0d854c3dd28b,0193fb9d-753c-7d60-900e-1fea322e7f36,haiku_rating_episode,-0.051279128,{}
01940a91-cba0-7ee1-92cd-0a006986be64,0193fb9d-988b-75f0-9035-454aabde8363,haiku_rating_episode,0.011381569,{}
01940a91-cba0-7ee1-92cd-0a75b64b6c7e,0193fb9d-64db-7612-90dc-171245318792,haiku_rating_episode,0.21812981,{}
01940a91-cba0-7ee1-92cd-093a98d87f54,0193fb9d-78a9-7893-90f3-918ecf0187cc,haiku_rating_episode,0.073030286,{}
01940a91-cba0-7ee1-92cd-08820c6d2b0b,0193fb9d-a543-7e10-91a4-b51941d2a5a3,haiku_rating_episode,0.32606396,{}
01940a91-cba0-7ee1-92cd-0f6201fbde02,0193fb9d-9b25-7872-9496-4e72fd4484cc,haiku_rating_episode,0.050056957,{}
01940a91-cba0-7ee1-92cc-fd05f137415e,0193fb9d-4cc3-7280-949d-e96e21dd0b89,haiku_rating_episode,0.011781087,{}
01940a91-cba0-7ee1-92cd-0fb91c84245f,0193fb9d-a5ba-7bb0-9552-7b2939a7dd93,haiku_rating_episode,-0.32117897,{}
01940a91-cba0-7ee1-92cc-fda2a684627a,0193fb9d-8b62-7221-955e-4d3aa4697151,haiku_rating_episode,0.16427056,{}
01940a91-cba0-7ee1-92cd-070761417085,0193fb9d-b492-7af2-957a-bb30f9d10982,haiku_rating_episode,-0.044564016,{}
01940a91-cba0-7ee1-92cd-0afd5d5d5702,0193fb9d-5a44-7882-9652-1cc4232b1c8f,haiku_rating_episode,-0.043911986,{}
01940a91-cba0-7ee1-92cc-fbc2469045d5,0193fb9d-b741-77a1-9767-5bedc3cbe186,haiku_rating_episode,-0.0014578257,{}
01940a91-cba0-7ee1-92cd-0604e8b4b89a,0193fb9d-80cc-7303-97d1-4cfc5b9c1b2c,haiku_rating_episode,0.4850205,{}
01940a91-cba0-7ee1-92cd-03c2baa7a0b3,0193fb9d-6565-7173-9802-f315007a92cd,haiku_rating_episode,-0.4382045,{}
01940a91-cba0-7ee1-92cd-0e8291d84506,0193fb9d-5954-7462-98b0-33b7f7df4266,haiku_rating_episode,0.047522347,{}
01940a91-cba0-7ee1-92cd-105c25d441be,0193fb9d-6c43-7c12-9989-e7a96fdaa682,haiku_rating_episode,0.19038774,{}
01940a91-cba0-7ee1-92cc-fc6f47d81747,0193fb9d-a054-78c2-9a10-7f9b715ae004,haiku_rating_episode,-0.09480894,{}
01940a91-cba0-7ee1-92cc-f6a961de9135,0193fb9d-c607-7f20-9be4-cc44d83e95c6,haiku_rating_episode,0.19941142,{}
01940a91-cba0-7ee1-92cd-04e643883153,0193fb9d-837a-70c0-9c02-6b8374939c9f,haiku_rating_episode,0.29198012,{}
01940a91-cba0-7ee1-92cc-f59eea7d6c4d,0193fb9d-a629-7b72-9c0a-ad9c795a0dd7,haiku_rating_episode,1.0337337,{}
01940a91-cba0-7ee1-92cc-ffdf385b21c1,0193fb9d-a8b3-7a91-9d2f-dde8f8d30e79,haiku_rating_episode,-0.06478474,{}
01940a91-cba0-7ee1-92cc-fe5fe3c9128d,0193fb9d-9632-78c1-9dd4-4f03b1f61646,haiku_rating_episode,1.2355926,{}
01940a91-cba0-7ee1-92cc-f977f4221bd7,0193fb9d-b6f5-7681-9e43-2ec8e72c4b01,haiku_rating_episode,1.4338131,{}
01940a91-cba0-7ee1-92cd-02dae6c95b9d,0193fb9d-5717-72e0-9ef2-24425652dedd,haiku_rating_episode,1.0741935,{}
01940a91-cba0-7ee1-92cd-0d79c51f0539,0193fb9d-8706-7fa2-9f7b-562dfaed3161,haiku_rating_episode,0.061490513,{}
01940a91-cba0-7ee1-92cd-0874f0f4cd1d,0193fb9d-78ba-74b2-9ffd-274e4a80cefd,haiku_rating_episode,-0.074502125,{}
01940a91-cba0-7ee1-92cd-07a90a647340,0193fb9d-656d-7370-a018-e9b5f3f73570,haiku_rating_episode,0.29186082,{}
01940a91-cba0-7ee1-92cd-01dbc9c82ce4,0193fb9d-970c-7fd1-a5fa-60e64fd97c9a,haiku_rating_episode,0.016206164,{}
01940a91-cba0-7ee1-92cd-098358a108b1,0193fb9d-7582-7170-a766-ca854a22da65,haiku_rating_episode,-0.33504537,{}
01940a91-cba0-7ee1-92cc-fecab421ce07,0193fb9d-4cc5-7b52-a826-3ee32fa873f4,haiku_rating_episode,-0.0015320742,{}
01940a91-cba0-7ee1-92cd-0a231de6f142,0193fb9d-4cc5-7b52-a826-3f101f2baea1,haiku_rating_episode,0.059051197,{}
01940a91-cba0-7ee1-92cc-fa286f1a49e2,0193fb9d-86cd-7223-a8f1-9724404da43c,haiku_rating_episode,0.7175241,{}
01940a91-cba0-7ee1-92cd-13049ee0e7a0,0193fb9d-57f0-7690-a929-768cdfe7de11,haiku_rating_episode,0.08341174,{}
01940a91-cba0-7ee1-92cd-12eb0e8a9ef0,0193fb9d-71f2-74b0-a98b-7236434386ed,haiku_rating_episode,-0.34759742,{}
01940a91-cba0-7ee1-92cd-0e9a9052978f,0193fb9d-7240-7390-aac6-5694f322d5c3,haiku_rating_episode,0.5238504,{}
01940a91-cba0-7ee1-92cd-1044a86bb55c,0193fb9d-a2eb-7b72-ac62-c3756872cffb,haiku_rating_episode,0.86627644,{}
01940a91-cba0-7ee1-92cd-04fba8117c82,0193fb9d-551e-78a2-acac-b81610dc3c28,haiku_rating_episode,0.10895889,{}
01940a91-cba0-7ee1-92cc-fed317fd48cc,0193fb9d-85b3-7ef2-ad6e-391e55d6296c,haiku_rating_episode,0.3644723,{}
01940a91-cba0-7ee1-92cd-10eed50a0b34,0193fb9d-5d55-71b0-ad72-09c9dc9d8dc3,haiku_rating_episode,0.39238998,{}
01940a91-cba0-7ee1-92cc-fe601d9b7f16,0193fb9d-8711-77a0-ae91-d9607f185464,haiku_rating_episode,-0.05586428,{}
01940a91-cba0-7ee1-92cc-f91ed0c0a453,0193fb9d-7e39-79f0-aeb5-add6a1cc53d7,haiku_rating_episode,-0.23375477,{}
01940a91-cba0-7ee1-92cd-126afd1211c5,0193fb9d-66f1-70c0-aec1-dca92f3f5483,haiku_rating_episode,-0.1316366,{}
01940a91-cba0-7ee1-92cd-0d176cb0f191,0193fb9d-6319-7160-afaa-011983819441,haiku_rating_episode,0.2929641,{}
01940a91-cba0-7ee1-92cc-fb9a399aa7b3,0193fb9d-b48c-7831-b02e-0b93e521cb57,haiku_rating_episode,1.105051,{}
01940a91-cba0-7ee1-92cc-f9d79bea4905,0193fb9d-aa13-7f41-b0c4-6b9e3d5e09f3,haiku_rating_episode,-0.48858762,{}
01940a91-cba0-7ee1-92cd-11f91ae19df6,0193fb9d-7aa8-7341-b100-8e073adfb455,haiku_rating_episode,0.1317705,{}
01940a91-cba0-7ee1-92cc-fd64b0f2c4f8,0193fb9d-aafa-7240-b196-d86fd18ddd43,haiku_rating_episode,-0.20012955,{}
01940a91-cba0-7ee1-92cd-0c5f0acf509b,0193fb9d-c420-7a70-b246-5498f78f48ca,haiku_rating_episode,0.56195045,{}
01940a91-cba0-7ee1-92cd-027b082f8496,0193fb9d-9d53-7681-b30f-55e0139f0064,haiku_rating_episode,0.283519,{}
01940a91-cba0-7ee1-92cd-1333040606ae,0193fb9d-59e7-7d33-b328-9534aac9452c,haiku_rating_episode,1.5507936,{}
01940a91-cba0-7ee1-92cc-fe2cbf45d60d,0193fb9d-80da-7c92-b3fc-5a2438a64206,haiku_rating_episode,-0.141648,{}
01940a91-cba0-7ee1-92cd-01f6322fc0be,0193fb9d-bf0a-7c13-b4b0-28aac3d3a0cb,haiku_rating_episode,1.3929412,{}
01940a91-cba0-7ee1-92cc-fd10fad09c24,0193fb9d-c0e9-78a2-b67a-0d4f1557a96b,haiku_rating_episode,0.40051052,{}
01940a91-cba0-7ee1-92cd-0e040aca93d9,0193fb9d-99e1-79e3-b7a9-4613fe355121,haiku_rating_episode,-0.5034926,{}
01940a91-cba0-7ee1-92cd-0b7d5244d37d,0193fb9d-5a7e-7df2-b861-ccc1f2a046b4,haiku_rating_episode,-0.34323296,{}
01940a91-cba0-7ee1-92cc-ff158a58e457,0193fb9d-c91a-75a3-b928-06b6a7e410cf,haiku_rating_episode,0.14044526,{}
01940a91-cba0-7ee1-92cc-fb83f548ac66,0193fb9d-99aa-7941-b948-50be3110c3e0,haiku_rating_episode,0.40740815,{}
01940a91-cba0-7ee1-92cd-0fa6499b0117,0193fb9d-88af-7b82-ba04-18ae620c6061,haiku_rating_episode,-0.16285451,{}
01940a91-cba0-7ee1-92cd-03b6af387cc3,0193fb9d-7119-7453-bad1-8d724ec22b93,haiku_rating_episode,0.30489275,{}
01940a91-cba0-7ee1-92cc-f9c47d560e98,0193fb9d-aed2-79c1-bae7-5826466d53e5,haiku_rating_episode,-0.17197287,{}
01940a91-cba0-7ee1-92cd-00d6b0e28ee6,0193fb9d-aa1a-70e2-be6f-c042515529bf,haiku_rating_episode,-0.06933991,{}
01940a91-cba0-7ee1-92cc-f77ab0a1f780,0193fb9d-8bd2-7340-beeb-c474a7238858,haiku_rating_episode,0.014646369,{}
01940a91-cba0-7ee1-92cc-fe006f32cf0b,0193fb9d-ae64-7b12-bf7b-687db9d4b8c0,haiku_rating_episode,1.055797,{}
01940a91-cba0-7ee1-92cd-10c9127c9408,0193fb9d-a519-73c2-bff6-1d5a439769fa,haiku_rating_episode,0.4710045,{}
0193da46-81ce-7bb0-984d-f48b8dfec7e5,01941f24-6f08-7332-b769-8194010c6c2c,jaccard_similarity,1.0,{}
0193da46-84c3-7f50-b2de-2d4f54b50c8a,0193a5d4-24e0-71e0-94d9-0736ea4d49ea,jaccard_similarity,0.6666667,{}
0193da46-8472-7ab1-8be6-212e39d5fe57,0193c6b3-6590-7141-9929-9e84cce168fd,jaccard_similarity,0.0,{}
0193da46-839a-7010-b89c-bb96a3728652,019407a9-89f8-71c2-adad-6ef1d8e19ee0,jaccard_similarity,0.0,{}
0193da46-8235-7c60-a2fd-c3436b51f4b0,0193b57b-6840-70d3-bdc5-4a14c2076f54,jaccard_similarity,1.0,{}
0193da46-8510-71f2-98f0-876f3fb27d37,01943446-3d30-7ca0-ac55-8b23a32be392,jaccard_similarity,0.6666667,{}
0193da46-8483-73f0-8e5b-6132b5e199ca,0193def6-a798-7060-a646-c8fdd04945ff,jaccard_similarity,1.0,{}
0193da46-852f-7013-8a2e-38257c1c979e,0194129e-9f88-7703-83ae-1f1fc395c25d,jaccard_similarity,0.0,{}
0193da46-837b-7371-8540-64ade0d235f6,0193b000-dd78-7800-b8f7-3d43bb1ea327,jaccard_similarity,0.0,{}
0193da46-82d7-7291-a8b3-3947b7a1c7fd,0193c45a-4ea8-7981-aa5c-0f320bcadba0,jaccard_similarity,0.0,{}
0193da46-8197-7c43-91c5-609348368702,0193e3a8-d568-70f2-8e17-1c6f64ce05a7,jaccard_similarity,0.0,{}
0193da46-8472-7ab1-8be6-211522dec7e0,0194350e-9a28-7150-ae3d-9377bb360f93,jaccard_similarity,0.0,{}
0193da46-8359-7b11-a25b-8ab7e97527d1,01942951-27a0-7853-9a4f-7ff0d317142e,jaccard_similarity,0.75,{}
0193da46-830d-7d20-b70f-42e5b74cde42,0193ed0d-3108-7a83-8bd1-ed5252df5629,jaccard_similarity,0.33333334,{}
0193da46-84f6-7d50-a92f-f21f823e9e80,01939f91-3d20-7f43-8fc8-0c8d822e14ae,jaccard_similarity,0.0,{}
0193da46-8497-7122-b517-801b6f662ed4,01940d24-14c0-7380-a0dd-6473ac381447,jaccard_similarity,0.5,{}
0193da46-853c-7503-9a39-1f5898ecd387,01941e5c-1210-7ae2-932d-f986668d004e,jaccard_similarity,0.6666667,{}
0193da46-84b0-7c03-a57a-9ccdafbef8ca,0193d1a8-7b20-74c2-8448-89f65219a626,jaccard_similarity,0.33333334,{}
0193da46-82b6-7231-945f-6b713e15ca3b,0193bbbe-5000-73f3-87a1-30d4fb996761,jaccard_similarity,1.0,{}
0193da46-8199-7651-9938-21a01f550a8b,0194009e-4540-7343-ad45-2a884c61cdb3,jaccard_similarity,1.0,{}
0193da46-8485-73b1-8970-2ec065092e1d,01940488-1618-79f3-baa5-99bae85cffbe,jaccard_similarity,0.0,{}
0193da46-8404-7573-adca-48d6a7137ed7,0193e9eb-bd28-7dc3-9cb8-5edf0a7477d6,jaccard_similarity,1.0,{}
0193da46-8507-7d43-88b1-82fc690b38b5,0193d270-d818-7773-a421-e31a73f5cae3,jaccard_similarity,0.33333334,{}
0193da46-8509-7581-88da-ac67f38f63c3,0193b89c-dc20-74b2-a124-9c0d6ffd73c0,jaccard_similarity,0.0,{}
0193da46-8340-7003-9f10-6ffec283bf00,0193fb23-ba78-7131-bf4f-cd2d52cfe471,jaccard_similarity,1.0,{}
0193da46-827e-7082-ab56-da3c8f590ef7,0193ab4e-afa8-7c61-a7f7-4bb6e1f6d0f0,jaccard_similarity,0.0,{}
0193da46-820c-77d0-8ee8-5e3e2e90adc3,0193e792-a640-7f10-9669-cb5de3198e7b,jaccard_similarity,0.0,{}
0193da46-8291-7623-a019-3b4c43fae2bf,0193aa86-52b0-73d1-952f-1936d61a56fe,jaccard_similarity,0.2,{}
0193da46-83c4-7350-b302-4e3ca38b6c41,01941a72-4138-7ad1-b70e-a0cc33ba24ab,jaccard_similarity,0.16666667,{}
0193da46-83fb-70b1-8609-d033b7a8ce11,0193a82d-3bc8-7f91-828c-b97a58099449,jaccard_similarity,1.0,{}
0193da46-84f3-7dd1-9419-be174f0bdaae,0193a50b-c7e8-7eb1-86d6-c7fc91a08169,jaccard_similarity,1.0,{}
0193da46-8190-7d70-a1b1-5774ad8ae93b,0193b0c9-3a70-76a3-b1f5-32e3493a9654,jaccard_similarity,0.5,{}
0193da46-83f1-7f83-9446-d46c5cc3d60d,0194337d-e038-7652-bbdf-5e9470e646a3,jaccard_similarity,0.27272728,{}
0193da46-81ea-72f1-b9d2-641d2be3a02a,0193bc86-acf8-7cd2-9a21-5675620c7af5,jaccard_similarity,0.33333334,{}
0193da46-854a-78a3-be83-1fb910a81263,01941ccb-5820-7a90-8790-eb9e78dcbd2e,jaccard_similarity,0.0,{}
0193da46-81fe-7602-9ca2-02fbc277a4e2,0193a764-ded0-77b2-9398-32b81ad00813,jaccard_similarity,1.0,{}
0193da46-8263-7b32-895a-57599b00691c,01942a19-8498-7673-ba27-268973b2219a,jaccard_similarity,0.5,{}
0193da46-82d7-7291-a8b3-395c281f9761,01942baa-3e88-7b40-9cd1-1fa8ca9d75f2,jaccard_similarity,0.33333334,{}
0193da46-8528-7022-951e-d611d991c804,01940b93-5ad0-7153-b477-01cbc408596b,jaccard_similarity,1.0,{}
0193da46-82fd-7f81-86ab-9e3148b77234,0193eab4-1a20-7ae0-ba94-60e7da6b10f8,jaccard_similarity,0.25,{}
0193da46-8195-7ab0-83a2-a6af8f111205,0193de2e-4aa0-7802-8d7a-1690b6219782,jaccard_similarity,0.33333334,{}
0193da46-8290-7ad3-b2f8-521d8ae412e9,0193d4c9-ef00-7752-bea0-0f6bdb0ea448,jaccard_similarity,0.5,{}
0193da46-8530-73a1-98ce-4a9b36ed0332,01942ae1-e190-79f2-a3f8-717c2a2f63dc,jaccard_similarity,0.5,{}
0193da46-81ca-7902-8f4c-55c3891e54d6,0194305c-6c58-7ff3-8a28-6b68748cfb0f,jaccard_similarity,0.0,{}
0193da46-81e8-7bb1-a83d-dd5b71783c7d,019411d6-4290-7d50-8f6f-da2b77a6d2f8,jaccard_similarity,0.6666667,{}
0193da46-8312-7903-8be8-6122a3fdec9a,0193baf5-f308-7543-a0e0-1a49a8a674cb,jaccard_similarity,1.0,{}
0193da46-8405-7bb3-8828-0e2941795c7c,01942245-e2e8-7a11-acbe-ad20aba0b04f,jaccard_similarity,0.5,{}
0193da46-84fc-7423-8f97-62dc4472a8c6,0193ffd5-e848-76d1-a601-beea12b5bd3d,jaccard_similarity,0.0,{}
0193da46-83ac-7bc0-81c7-decfd72e779e,01940aca-fdd8-7ad3-8383-3bcb5cde51fc,jaccard_similarity,0.33333334,{}
0193da46-834a-7072-a657-11a04b1a986d,0193db0c-d6c0-7d81-a5ee-dd0ac62fd603,jaccard_similarity,0.2,{}
0193da46-83b9-7790-b3ed-3335c91a3494,0193ba2d-9610-7ff1-9762-f270b38d9fcb,jaccard_similarity,0.0,{}
0193da46-8273-7282-9c2f-be330d283761,0193f8ca-a390-7fb2-bd2b-5e5e8b8c5be3,jaccard_similarity,0.5,{}
0193da46-836d-7bd3-97fd-216491ddb4f6,01943124-c950-7a22-aa61-8bf8fee171ba,jaccard_similarity,0.5,{}
0193da46-819b-7ed1-b12c-eaff7a367e2f,0193e85b-0338-7ff1-aac0-6da67088f0a9,jaccard_similarity,0.0,{}
0193da46-8377-74a1-8003-7078a733daef,0193acdf-6998-7193-8cf2-7a64db973d1a,jaccard_similarity,0.33333334,{}
0193da46-84c2-7771-8d3b-ed4e4be1f1b1,0193d592-4bf8-7d01-8147-809377946457,jaccard_similarity,1.0,{}
0193da46-8514-7333-8e80-9174b505550b,0193c391-f1b0-74e3-a7f0-b1adf59bccd9,jaccard_similarity,0.0,{}
0193da46-8419-7820-99bc-6ac86dd99a68,0193ec44-d410-7ae0-8603-7b64cda452aa,jaccard_similarity,0.33333334,{}
0193da46-843c-7180-878b-2d947dfe5645,0193a059-9a18-7881-8b31-5676eb320e7d,jaccard_similarity,1.0,{}
0193da46-852c-7592-b038-faab36b31df8,0193edd5-8e00-7c63-9fde-84a309cd4055,jaccard_similarity,1.0,{}
0193da46-839f-7483-9360-ef7d3cb2f2a4,01941819-2a50-7be2-b152-eb3cbf34b939,jaccard_similarity,0.0,{}
0193da46-82e8-7f13-bbb8-4454dce2966f,0193be17-66e8-78b2-ab60-5a2771860d9e,jaccard_similarity,0.0,{}
0193da46-81a1-7c02-a776-ad14c71bf7a3,0193e2e0-7870-7582-acbe-f4fc60eccab4,jaccard_similarity,0.6666667,{}
0193da46-8546-7210-b6e0-8e8936ef1924,019426f8-10b8-7cb1-9d30-155798beb940,jaccard_similarity,0.2,{}
0193da46-83df-7693-837e-163efd6bc634,0193bfa8-20d8-7590-be3d-62152d8083aa,jaccard_similarity,0.25,{}
0193da46-83cb-77f0-b784-2619cc349c7f,0193d723-05e8-7962-876d-5f7bf1d81621,jaccard_similarity,0.16666667,{}
0193da46-827e-7082-ab56-da431f8c7152,0193b7d4-7f28-70a0-8cbf-766d11efde5f,jaccard_similarity,1.0,{}
0193da46-83aa-74c2-ab68-cd96963d6834,01940618-d008-70b2-a3dd-bd7992a2e040,jaccard_similarity,0.0,{}
0193da46-8453-7281-846f-c343458808b2,0194142f-5978-7be2-9d71-2707c0d8736f,jaccard_similarity,0.2,{}
0193da46-843a-7331-af04-5b91d0a6d831,0193e218-1b78-76b0-a1d2-5ba65b6ee00d,jaccard_similarity,0.2857143,{}
0193da46-82ac-7520-8aca-2f49fdb3c50e,01940166-a238-77d3-944f-53771474df32,jaccard_similarity,1.0,{}
0193da46-829f-7c91-ba3b-90069b915e82,0193af38-8080-7500-8701-505f35f20ea8,jaccard_similarity,1.0,{}
0193da46-8534-75f3-b871-47b318afffbe,0193bd4f-09f0-7951-85b5-4c5b389732d7,jaccard_similarity,0.0,{}
0193da46-850e-76d1-abc5-fbf3398845ed,0193d401-9208-7de3-96fa-ba6605472f71,jaccard_similarity,1.0,{}
0193da46-81e3-7381-929f-d132a80f2ce8,0193ce87-0740-7d61-817b-2be2c0a8516c,jaccard_similarity,0.33333334,{}
0193da46-81c0-7f43-81ee-0827d57ecab7,0193d8b3-bfd8-7de1-bce6-b6f15517c95c,jaccard_similarity,1.0,{}
0193da46-81e1-7f52-a988-196b1b83834b,01940f7d-2ba8-7241-b4ba-41c96e5c27fd,jaccard_similarity,0.25,{}
0193da46-8482-7f23-a1f6-d859f2790e52,0193f1bf-5ed8-75f3-af7c-c1bd160ec45c,jaccard_similarity,0.6,{}
0193da46-82c5-7bd3-b42c-f1c290d81ed1,0193f739-e9a0-7d13-a200-1848da8af686,jaccard_similarity,0.125,{}
0193da46-8424-72a2-8276-6505edc0b3cf,01939d38-2638-7aa1-99d1-a644144b23ae,jaccard_similarity,0.0,{}
0193da46-8395-78b2-9793-598578b6e8ce,01939ba7-6c48-7492-a810-ea6f4d5c4c77,jaccard_similarity,0.0,{}
0193da46-8214-7700-91f0-0fa78f4c4cfe,0193c844-1f80-7990-9c14-01d012afd44b,jaccard_similarity,0.33333334,{}
0193da46-8301-74b3-9aca-75587af70d3a,019419a9-e440-7353-8df9-d49a4d537b06,jaccard_similarity,0.0,{}
0193da46-84c6-77f2-8d0a-cfd36e5733c2,01939c6f-c940-7290-8686-fc2bf81e32ba,jaccard_similarity,1.0,{}
0193da46-836f-7e22-91d3-069aa30f7147,0193e6ca-4948-7681-a3b1-db1d5e0038d7,jaccard_similarity,0.25,{}
0193da46-8380-74e0-b375-ba6fc79ecc82,0193f0f7-01e0-7e33-bf88-7ecd449b73ba,jaccard_similarity,0.0,{}
0193da46-833e-7640-ba2a-ba5d16568b5e,0193ae70-2388-7e03-94e0-acca7b8485a0,jaccard_similarity,1.0,{}
0193da46-834e-74f1-9671-158aa3e92bc7,01942888-caa8-7013-a852-8a282942609f,jaccard_similarity,0.0,{}
0193da46-8224-7c90-a365-ed0d3db0e55d,01941b3a-9e30-72d3-aa91-7633ba41e0ef,jaccard_similarity,0.5,{}
0193da46-8433-7002-8ed8-b326c2dc5074,0193cdbe-aa48-78a3-b83e-f5817172d578,jaccard_similarity,1.0,{}
0193da46-84c3-7f50-b2de-2d368cb525bf,0193f4e0-d2b8-7d30-a74a-46621d31820c,jaccard_similarity,0.6,{}
0193da46-8223-7c53-8a9e-f300141ead53,01940eb4-ceb0-7f83-b622-e3263be96eeb,jaccard_similarity,1.0,{}
0193da46-8295-7281-958b-e24b1cb6d0a9,01941fec-cc00-7623-a901-d98a7598f0cd,jaccard_similarity,0.75,{}
0193da46-8278-7382-acbc-3c716b03d9fd,0193c070-7dd0-7ef3-99ff-fc606bddf037,jaccard_similarity,0.0,{}
0193da46-8516-71e2-a546-a6f1dccaab27,0193f802-4698-7861-bfe7-f785fa095b76,jaccard_similarity,0.6666667,{}
0193da46-8396-7630-883f-dd4d4071cc66,0193f02e-a4e8-7dc0-9874-15f3292d58d6,jaccard_similarity,0.0,{}
0193da46-8320-7df1-a572-2fa49d54bce8,0193ee9d-eaf8-7341-bea4-7b264234dcf2,jaccard_similarity,1.0,{}
0193da46-81f7-72b0-90b7-f6ed49e17683,0193c90c-7c78-74b3-af1f-92c2a1761117,jaccard_similarity,1.0,{}
0193da46-8229-70d3-9197-a97cb1f31bae,0193e601-ec50-7912-a06c-58a985bf82e3,jaccard_similarity,0.25,{}
0193da46-84ee-7642-9b11-878cc6b92cca,01941688-7060-71b3-a47e-b41402637add,jaccard_similarity,1.0,{}
0193da46-82cd-7721-b482-806c64b2cc86,019403bf-b920-7972-81fb-44b1da70a2ad,jaccard_similarity,0.0,{}
0193da46-84b5-7b11-a497-92b81f322813,0193f993-0088-7602-9a63-4ff103568fa5,jaccard_similarity,0.5,{}
0193da46-8241-7702-804c-d92251149c86,019415c0-1368-7970-8699-8405e7027ab9,jaccard_similarity,0.0,{}
0193da46-8319-7823-a63f-86486ecf5be3,0193f5a9-2fb0-7081-8aa2-d8f003c5b4c0,jaccard_similarity,0.6666667,{}
0193da46-84ad-72e0-abea-083b569db9f9,0193b4b3-0b48-7863-98cc-5e8c8f682a44,jaccard_similarity,0.5,{}
0193da46-8274-7ba2-99d0-0c6b9432d7a6,01942c72-9b80-7a32-ae8a-b80ef3f55f6c,jaccard_similarity,1.0,{}
0193da46-82cc-7270-9ae0-e551fc9e5e9c,0193ac17-0ca0-79c0-969f-43858de599f0,jaccard_similarity,1.0,{}
0193da46-851a-72c0-a7c5-af60666bdcc1,019427c0-6db0-7372-9e3c-b162d9c8bd5a,jaccard_similarity,0.2,{}
0193da46-84f4-70b1-983f-9bc612b03e7a,0193b70c-2230-74f0-897f-d468525cf03f,jaccard_similarity,0.5,{}
0193da46-8425-7e60-b703-dc4445b33e4b,0193bedf-c3e0-71c2-a402-38143f620334,jaccard_similarity,0.0,{}
0193da46-850b-7113-a698-21e5b1fb7d02,01942f94-0f60-7c83-bdbc-e4c86342f82c,jaccard_similarity,0.5,{}
0193da46-854a-78a3-be83-1f9e0cd2ce25,0193d017-c130-7d52-bfba-3b34b5ab3683,jaccard_similarity,1.0,{}
0193da46-827d-72f0-9137-d607fa1b5981,0193dbd5-33b8-71d1-a8a4-3827c699249a,jaccard_similarity,0.0,{}
0193da46-84d9-7911-93c3-2cc05a8972f2,01941366-fc80-7b53-867f-7fba13050e5e,jaccard_similarity,0.0,{}
0193da46-83c2-7042-b683-30759314cb04,01939e00-8330-7913-b31d-b20feed25a31,jaccard_similarity,1.0,{}
0193da46-840d-77b3-a212-097c9aba8daf,0193a37b-0df8-7e93-a702-87480209232f,jaccard_similarity,1.0,{}
0193da46-839b-7302-979e-503e5019f82b,0193ff0d-8b50-7a42-bd80-721c70128ff1,jaccard_similarity,0.5,{}
0193da46-8260-7671-9463-321f71d9080a,0193d7eb-62e0-76a3-8221-669f8bdbe5f8,jaccard_similarity,0.0,{}
0193da46-83b9-7790-b3ed-332522829700,01940871-e6f0-7220-893b-bbc29e25f0f2,jaccard_similarity,1.0,{}
0193da46-8224-7c90-a365-ecf6e187c9e1,0193e539-8f58-77c3-916f-7e82b43e19c1,jaccard_similarity,0.33333334,{}
0193da46-83d7-78d2-a8e7-d54428cfe647,01942567-56c8-7123-8f01-64d975affc48,jaccard_similarity,0.5,{}
0193da46-8325-7e90-b8a6-06c23c2a417e,0193d339-3510-74f1-b209-474bb16f956a,jaccard_similarity,1.0,{}
0193da46-8304-7012-8694-501edf9f8efc,0193cc2d-f058-7f01-893f-017eff50b14f,jaccard_similarity,0.5,{}
0193da46-83f3-7b80-8b4a-cc63215c53da,0193a8f5-98c0-7a33-9f41-375693009f27,jaccard_similarity,1.0,{}
0193da46-8268-73e0-a793-d1d2b3292ba8,0193dfbf-0490-73b0-890d-65224b175040,jaccard_similarity,0.5,{}
0193da46-831a-78c1-8059-5af48a5d5c7a,0193f671-8ca8-7741-a838-fad7d400c472,jaccard_similarity,1.0,{}
0193da46-83d3-7ee2-9ffa-927ff96b6123,0193ada7-c690-7240-8a3e-6c77536ca5ab,jaccard_similarity,0.4,{}
0193da46-82ef-7d72-9ef8-a809bdf899dc,0193fd7c-d160-7900-8400-7e1f1b2adb7d,jaccard_similarity,0.0,{}
0193da46-828b-76f3-acb7-4d5d555f216c,0193e14f-be80-7a42-8692-49469910a058,jaccard_similarity,0.0,{}
0193da46-8262-72a1-ba4b-0016b6219471,0194022e-ff30-7f52-9b46-24d63b990cf2,jaccard_similarity,0.0,{}
0193da46-8231-74c3-9c4a-b20c3df4fda4,0194369f-5418-7742-bc05-0c109126fc0d,jaccard_similarity,0.33333334,{}
0193da46-8523-7b11-9ee2-b28eca9489ba,0193ef66-47f0-7c41-9135-2ad6a26c7cc6,jaccard_similarity,1.0,{}
0193da46-831a-78c1-8059-5b0295a067ea,0193fa5b-5d80-70f2-9abb-3153ab8c19f1,jaccard_similarity,0.5,{}
0193da46-83ea-7c90-81c3-456d13963511,0193da44-79c8-7521-bfdf-65375e80fb47,jaccard_similarity,0.0,{}
0193da46-819e-7d62-ba18-94aad8fffb7a,0193b191-9768-70c1-a7c9-25137cf07b83,jaccard_similarity,0.0,{}
0193da46-854c-7040-b63a-60af5ddbc9c1,0193b259-f460-78e2-a0af-1075bb99e638,jaccard_similarity,0.0,{}
0193da46-84bb-78e1-98e0-55e311549eef,0193a1ea-5408-7982-8c08-85417a48cf20,jaccard_similarity,0.14285715,{}
0193da46-8210-7621-ab89-50f13131504c,01940550-7310-7d11-8389-6a3c15ad0ead,jaccard_similarity,0.0,{}
0193da46-81a4-7a83-a03b-d1ad5125ad8e,0193c9d4-d970-7d23-9266-5e3146f406f1,jaccard_similarity,0.0,{}
0193da46-847a-72d2-bc44-7086002bfd10,019414f7-b670-74e3-9bfa-9fa8e8392061,jaccard_similarity,0.75,{}
0193da46-84bf-7903-a7a8-467dac36b1d4,01941c02-fb28-7ca2-adb4-7ca845ca9ca7,jaccard_similarity,0.7777778,{}
0193da46-8349-7d40-9b37-4300d31d6344,0193fbec-1770-7970-8421-e5c46304bdd1,jaccard_similarity,0.21428572,{}
0193da46-8282-7121-91a9-177e6831530c,01940c5b-b7c8-7432-905d-fb460a32a484,jaccard_similarity,0.0,{}
0193da46-835d-71b2-af5c-360fecac27cc,01942d3a-f878-7f42-8ff1-36a587ab8d3d,jaccard_similarity,0.0,{}
0193da46-832b-7ce2-8ac4-84570ee08580,0193eb7c-7718-7950-9311-b63812a9a2da,jaccard_similarity,0.14285715,{}
0193da46-83db-7713-ac1c-fcfa7a12c097,01941d93-b518-7841-a44b-13c3ee9332bf,jaccard_similarity,0.0,{}
0193da46-841b-78c3-b980-fdf1681c7119,0194110d-e598-7ea0-a82e-2af1596259f5,jaccard_similarity,0.0,{}
0193da46-8285-7423-86b4-3db99dde2894,019423d6-9cd8-7a71-8606-c4c8fcefd21d,jaccard_similarity,1.0,{}
0193da46-82dc-70a0-b423-78c25eea52f8,01941750-cd58-7900-a207-7ae14a5c587f,jaccard_similarity,0.25,{}
0193da46-83a2-7d33-aa8c-e51eb0d5b281,019432b5-8340-7fb0-8a86-cc0fce571a87,jaccard_similarity,0.2,{}
0193da46-84ec-70a0-bf2f-7a13d53ac77f,0194249e-f9d0-72f2-b5b2-febe08143621,jaccard_similarity,0.5,{}
0193da46-8449-7202-bfe7-5ce5030bd338,01939adf-0f50-79d0-8d55-7a009fcc5e32,jaccard_similarity,1.0,{}
0193da46-81c2-7d93-9cde-ebcf79447e0a,0193cf4f-6438-7241-beee-3878df620721,jaccard_similarity,1.0,{}
0193da46-8459-75d2-8591-724e67036084,0193fcb4-7468-7973-a12a-fdeb4891ab97,jaccard_similarity,1.0,{}
0193da46-82cc-7270-9ae0-e568284c194d,0193a443-6af0-7af1-8727-28c21bbd8b78,jaccard_similarity,0.0,{}
0193da46-8387-7f71-89cd-515a8695ccfe,0193c138-dac8-7042-af53-cbd29e52c9cf,jaccard_similarity,0.33333334,{}
0193da46-8444-7ff1-a0ee-3ca3423ac51c,0193f287-bbd0-7470-941b-87736ff43c2b,jaccard_similarity,0.4,{}
0193da46-844c-7471-8b81-4863bd648196,01939ec8-e028-7ee2-9136-23d50a7aace2,jaccard_similarity,0.16666667,{}
0193da46-841f-7ed2-971d-317d408f9d4f,0193c2c9-94b8-7752-af8c-3c5ba4f4f10e,jaccard_similarity,0.14285715,{}
0193da46-82c9-7062-9bf1-769a77ebea73,019420b5-28f8-7962-a39a-a3fbf2da3301,jaccard_similarity,0.75,{}
0193da46-851d-7470-b0ba-7125e867303d,0193f350-18c8-7f11-a866-a52509fffbc4,jaccard_similarity,0.0,{}
0193da46-8189-7441-910a-2a08dd6d2d77,0194262f-b3c0-7872-8575-f2af4ff2327b,jaccard_similarity,0.5,{}
0193da46-82a0-7073-88ba-038f5a48b2c7,01940dec-71b8-77a1-9eda-78dbcd95ff23,jaccard_similarity,1.0,{}
0193da46-84cc-79b1-847b-3394a076e15b,019402f7-5c28-7c32-bd93-ab5210351306,jaccard_similarity,1.0,{}
0193da46-8192-7f91-90b1-72c6bfaac892,0193fe45-2e58-7b20-b4de-0bd035c39f92,jaccard_similarity,0.0,{}
0193da46-81b0-7c02-be24-cb9675dedac6,0193d65a-a8f0-7421-bbd2-b15b14dcb9e8,jaccard_similarity,1.0,{}
0193da46-833b-7581-92b9-56afc23e4e43,0193b3ea-ae50-7631-bb99-7887c947c4ef,jaccard_similarity,1.0,{}
0193da46-832c-7e91-8441-e4c70421ad54,0193d0e0-1e28-7921-93a9-763f16a576ca,jaccard_similarity,1.0,{}
0193da46-8483-73f0-8e5b-6148d50640e3,0193e471-3260-7cb1-9d2a-662294d41162,jaccard_similarity,0.5,{}
0193da46-83ae-7cc1-a2ce-0c2d40e68d9c,0193c5eb-0898-7cf0-9355-3d3fb5fc112d,jaccard_similarity,0.6,{}
0193da46-842b-75d0-954d-54b1982caf6d,019435d6-f720-7671-83b1-da0176e5a9b2,jaccard_similarity,0.125,{}
0193da46-8512-7b93-b17a-5dafd7e5f4fb,0193a9bd-f5b8-7943-a085-88fcf084d9fd,jaccard_similarity,0.0,{}
0193da46-8413-7db2-9a17-0c39e0e3febd,01942e03-5570-74d1-a1cd-ea1414b686db,jaccard_similarity,0.25,{}
0193da46-81b6-78a3-8e7f-651c1573bc49,0193dc9d-90b0-7ce2-bcf3-b485e035eab7,jaccard_similarity,0.5,{}
0193da46-8255-7cd2-af7c-ff43972ba372,0193c77b-c288-7c42-9652-389846c0ede9,jaccard_similarity,0.5,{}
0193da46-8497-7122-b517-7fe5a8c041b3,0193e923-6030-7571-940d-75311419d8a8,jaccard_similarity,0.0,{}
0193da46-8307-74c2-856f-7282f323291c,0193b965-3918-7663-9d86-fce30706f40b,jaccard_similarity,1.0,{}
0193da46-824d-7101-a771-38d2e8e2a642,0193e087-6188-7cd1-b608-49724ee9e334,jaccard_similarity,1.0,{}
0193da46-822d-7401-a8a7-5b6adfd9fd76,019431ed-2648-7e22-94ab-235ea404b83f,jaccard_similarity,0.25,{}
0193da46-81cc-7d31-9509-d94eef3279a4,0193a121-f710-7fa2-9024-e6eeed6c103d,jaccard_similarity,1.0,{}
0193da46-8396-7630-883f-dd35e788ce7e,0193ccf6-4d50-7470-a114-3774f1f729db,jaccard_similarity,0.0,{}
0193da46-8325-7e90-b8a6-06dcb468b37e,0193c522-aba0-7533-ac7d-ee65c0aebbac,jaccard_similarity,0.0,{}
0193da46-8413-7db2-9a17-0c2c0c229d87,0193c201-37c0-7913-b9b9-079d69a8fe95,jaccard_similarity,0.0,{}
0193da46-81f3-76d3-bf69-8c9130db05fe,01940a02-a0e0-7112-8d1d-29ad6769a802,jaccard_similarity,0.5,{}
0193da46-8537-7d61-bfae-8816b8ee7b91,0194230e-3fe0-7633-ac64-5e443705327b,jaccard_similarity,0.5,{}
0193da46-8386-7b61-b94f-827abe7ec5c1,0194217d-85f0-76c3-a872-89069249b496,jaccard_similarity,1.0,{}
0193da46-8251-77e1-87c3-ae099d649893,0193a2b2-b100-77c2-9fec-84cd1912524b,jaccard_similarity,0.0,{}
0193da46-8218-7dc1-af9f-7173754c8ba5,01941045-88a0-76f2-bab6-2917e682409f,jaccard_similarity,1.0,{}
0193da46-8298-70a1-b0e7-d48f9d40513a,0194093a-43e8-7211-8a14-03a3850cd456,jaccard_similarity,0.5,{}
0193da46-821c-70a3-8fee-b5f1487dd733,0193cb65-9360-72d2-913f-747a9f80cf81,jaccard_similarity,1.0,{}
0193da46-84af-7723-8c98-b5d5de258471,0193ca9d-3668-76e3-baa3-aac1e26d93be,jaccard_similarity,0.5,{}
0193da46-8497-7122-b517-7fdf12948bb2,0193a69c-81d8-75b1-b6f6-21cd0b7f59ef,jaccard_similarity,1.0,{}
0193da46-8543-7421-8b36-72fda64d75ca,0193f418-75c0-7b41-8213-cd240ca171ef,jaccard_similarity,0.5,{}
0193da46-8485-73b1-8970-2eba86dccaab,01942ecb-b268-7202-ba9b-f8a386a3b152,jaccard_similarity,0.0,{}
0193da46-82ab-7a50-a8f5-7f2157299fa5,0193dd65-eda8-74b2-b203-41356484026d,jaccard_similarity,0.0,{}
0193da46-8477-7130-af17-bbfa95d7c22e,019406e1-2d00-71b2-89ad-792c25e009b7,jaccard_similarity,0.33333334,{}
0193da46-82da-7673-9b5f-76ae35b66495,0193b322-5158-7470-b725-d6c7979e481f,jaccard_similarity,0.0,{}
0193da46-84e0-7df1-8087-b826bfbdeb74,0193b643-c538-7022-a306-353c36d5d561,jaccard_similarity,0.33333334,{}
0193da46-8490-7853-9fae-cd3b455e0fa0,0193d97c-1cd0-7ea2-92df-8d82d8ccb26a,jaccard_similarity,1.0,{}
0193da46-84c7-7701-b8bd-49972cb3228a,019418e1-8748-7eb3-9964-ec6e07154770,jaccard_similarity,0.0,{}
01940a91-9864-70c2-99fe-aeade1722a7e,0193da46-611a-7b23-8021-67d19f11e863,jaccard_similarity_episode,0.0,{}
01940a91-9864-70c2-99fe-ac452dc4dc4b,0193da46-6462-7382-8088-479fa89470b1,jaccard_similarity_episode,0.0,{}
01940a91-9864-70c2-99fe-b3825a3e66df,0193da46-6243-7102-80e0-db4a3b0c4b0d,jaccard_similarity_episode,1.0,{}
01940a91-9864-70c2-99fe-abbeec81a80b,0193da46-5d91-7c80-823d-fd73798a356e,jaccard_similarity_episode,0.2857143,{}
01940a91-9864-70c2-99fe-adc6a056d9e4,0193da46-627e-78a0-8283-a61b2ce52146,jaccard_similarity_episode,1.0,{}
01940a91-9864-70c2-99fe-ab5d8d295059,0193da46-6564-75a3-8296-d4e3ef8528de,jaccard_similarity_episode,0.6666667,{}
01940a91-9864-70c2-99fe-a8d4a5589cf6,0193da46-6564-75a3-8296-d4f0c25c14e7,jaccard_similarity_episode,0.0,{}
01940a91-9864-70c2-99fe-b298ec143355,0193da46-6609-7882-829a-62ae277ed7e6,jaccard_similarity_episode,0.0,{}
01940a91-9864-70c2-99fe-ab29ba439cf3,0193da46-5d75-7941-82a7-a993308a9e61,jaccard_similarity_episode,1.0,{}
01940a91-9864-70c2-99fe-b0bdb93b7e80,0193da46-5d75-7941-82a7-a9af06597fe1,jaccard_similarity_episode,0.5,{}
01940a91-9864-70c2-99fe-ae14fa90acd0,0193da46-5d8c-7360-82cf-82925e0d6d85,jaccard_similarity_episode,0.33333334,{}
01940a91-9864-70c2-99fe-b448fcbf0658,0193da46-5d83-7162-84d1-c1b8a0b874a4,jaccard_similarity_episode,0.14285715,{}
01940a91-9864-70c2-99fe-ad3ed9137168,0193da46-631f-75a0-85a8-fd8471ebad32,jaccard_similarity_episode,0.25,{}
01940a91-9864-70c2-99fe-b1b6f7488583,0193da46-62b0-78b2-860f-7e6631a885bb,jaccard_similarity_episode,0.0,{}
01940a91-9864-70c2-99fe-add71b0d1adf,0193da46-5d8a-71e1-8772-8013e313f7a2,jaccard_similarity_episode,1.0,{}
01940a91-9864-70c2-99fe-affeeffa356a,0193da46-6556-72f1-8917-d08b4e144bb2,jaccard_similarity_episode,0.0,{}
01940a91-9864-70c2-99fe-b2d687c23efa,0193da46-5d94-7552-8979-410440e5238d,jaccard_similarity_episode,1.0,{}
01940a91-9864-70c2-99fe-ac727cd92560,0193da46-6365-7040-8a3d-1c8c77ff0dec,jaccard_similarity_episode,0.25,{}
01940a91-9864-70c2-99fe-b2648cd42a26,0193da46-61ac-7651-8a68-19b842f8706f,jaccard_similarity_episode,0.6666667,{}
01940a91-9864-70c2-99fe-a99c1518d757,0193da46-6333-7082-8a91-80cb430754fd,jaccard_similarity_episode,0.0,{}
01940a91-9864-70c2-99fe-aaf9c75af007,0193da46-64e9-7aa1-8ad5-30fec4086e30,jaccard_similarity_episode,0.0,{}
01940a91-9864-70c2-99fe-b20baa2d8aa9,0193da46-5d79-7f92-8b69-dc43216dcb44,jaccard_similarity_episode,1.0,{}
01940a91-9864-70c2-99fe-a965d25cdf04,0193da46-5d98-7ad1-8c1d-6ae1ee4c5865,jaccard_similarity_episode,1.0,{}
01940a91-9864-70c2-99fe-aa379d4594d2,0193da46-5d98-7ad1-8c1d-6b16af4e0b3b,jaccard_similarity_episode,0.25,{}
01940a91-9864-70c2-99fe-ab1dc20a9434,0193da46-5d98-7ad1-8c1d-6b4803825a60,jaccard_similarity_episode,0.33333334,{}
01940a91-9864-70c2-99fe-a90fbaa00168,0193da46-5d98-7ad1-8c1d-6b56619bba23,jaccard_similarity_episode,0.33333334,{}
01940a91-9864-70c2-99fe-b34300c8889c,0193da46-5d98-7ad1-8c1d-6b6be0696a74,jaccard_similarity_episode,1.0,{}
01940a91-9864-70c2-99fe-a9a31e742f00,0193da46-5d98-7ad1-8c1d-6b775a5d0cfc,jaccard_similarity_episode,0.2,{}
01940a91-9864-70c2-99fe-ad918494ca36,0193da46-5d7d-7e73-8dbe-bf1b7e68a3fb,jaccard_similarity_episode,1.0,{}
01940a91-9864-70c2-99fe-ad1201efa730,0193da46-6313-7a00-8f3f-ed254a039934,jaccard_similarity_episode,1.0,{}
01940a91-9864-70c2-99fe-ad08ea00f7b8,0193da46-63fe-7050-9018-4bd23423a63f,jaccard_similarity_episode,0.0,{}
01940a91-9864-70c2-99fe-ae8fbd4e8de0,0193da46-61b4-7e23-9178-945b335beeeb,jaccard_similarity_episode,0.4,{}
01940a91-9864-70c2-99fe-ac921dd227f5,0193da46-654c-7851-92f8-c8113c31afcb,jaccard_similarity_episode,1.0,{}
01940a91-9864-70c2-99fe-abd34a112418,0193da46-6581-70a2-93ce-56e97f11c545,jaccard_similarity_episode,1.0,{}
01940a91-9864-70c2-99fe-ac176dc51aa3,0193da46-64fd-7e41-9406-c41a5812151f,jaccard_similarity_episode,0.6,{}
01940a91-9864-70c2-99fe-a8b1ef70fa54,0193da46-65f6-7252-940c-1241fe82ba46,jaccard_similarity_episode,0.0,{}
01940a91-9864-70c2-99fe-b01d9c467ee3,0193da46-5fba-7e01-943d-b19b3b8c553c,jaccard_similarity_episode,0.4,{}
01940a91-9864-70c2-99fe-aefc0b52c7a3,0193da46-6318-7043-9501-10f9cb1ec0a0,jaccard_similarity_episode,0.0,{}
01940a91-9864-70c2-99fe-b247269a1a7e,0193da46-660d-70f0-966f-736eeaf4c256,jaccard_similarity_episode,0.0,{}
01940a91-9864-70c2-99fe-b4b5a756584d,0193da46-62aa-7973-96f8-152dc8fb2d17,jaccard_similarity_episode,0.5,{}
01940a91-9864-70c2-99fe-b09151158344,0193da46-63fc-7c80-985d-2d9034a1da51,jaccard_similarity_episode,1.0,{}
01940a91-9864-70c2-99fe-ad63ca9c4b1a,0193da46-5d97-72e2-98ed-d9a965666be6,jaccard_similarity_episode,0.6666667,{}
01940a91-9864-70c2-99fe-a899cbfeb381,0193da46-5d97-72e2-98ed-d9bca293b1bf,jaccard_similarity_episode,1.0,{}
01940a91-9864-70c2-99fe-b4cebdae2a49,0193da46-5d97-72e2-98ed-d9c9af89ad91,jaccard_similarity_episode,0.33333334,{}
01940a91-9864-70c2-99fe-b3e3c32fb1f6,0193da46-5d97-72e2-98ed-d9d3c70f2dd8,jaccard_similarity_episode,0.5,{}
01940a91-9864-70c2-99fe-ab8cdb7e4ad4,0193da46-5d97-72e2-98ed-da0b6ab8f8ff,jaccard_similarity_episode,1.0,{}
01940a91-9864-70c2-99fe-b3a23da15770,0193da46-5d97-72e2-98ed-da1a696eccb1,jaccard_similarity_episode,0.6666667,{}
01940a91-9864-70c2-99fe-aad4885f5621,0193da46-61c7-74b2-9d15-59d9d227c556,jaccard_similarity_episode,0.5,{}
01940a91-9864-70c2-99fe-b3c94855a329,0193da46-65e8-75f1-9d66-c87e62312ceb,jaccard_similarity_episode,0.5,{}
01940a91-9864-70c2-99fe-aed6b9647894,0193da46-5d96-7fb1-9db2-c42a14bc991f,jaccard_similarity_episode,0.5,{}
01940a91-9864-70c2-99fe-b12a3a263f5b,0193da46-5da3-77c3-9e1e-ef16014916a7,jaccard_similarity_episode,1.0,{}
01940a91-9864-70c2-99fe-aacd3003dfde,0193da46-5da3-77c3-9e1e-ef301c29b8c7,jaccard_similarity_episode,0.0,{}
01940a91-9864-70c2-99fe-ae9fab53c02c,0193da46-5da3-77c3-9e1e-ef45a9105c84,jaccard_similarity_episode,0.0,{}
01940a91-9864-70c2-99fe-aa8aef913a5d,0193da46-5da3-77c3-9e1e-ef5fcec87435,jaccard_similarity_episode,1.0,{}
01940a91-9864-70c2-99fe-b079bca16017,0193da46-5da3-77c3-9e1e-ef670bd1b2bc,jaccard_similarity_episode,0.0,{}
01940a91-9864-70c2-99fe-a9334e24e2b3,0193da46-5da3-77c3-9e1e-ef9ab3575318,jaccard_similarity_episode,1.0,{}
01940a91-9864-70c2-99fe-a9fff7814254,0193da46-6211-7411-9f39-cfe07bbb37e6,jaccard_similarity_episode,0.33333334,{}
01940a91-9864-70c2-99fe-ab4671b7cabc,0193da46-5db2-7d73-9fa3-cb0b607261fa,jaccard_similarity_episode,0.0,{}
01940a91-9864-70c2-99fe-a94e22f551b2,0193da46-5db2-7d73-9fa3-cb2f6969375d,jaccard_similarity_episode,1.0,{}
01940a91-9864-70c2-99fe-ab6e221dddeb,0193da46-5db2-7d73-9fa3-cb3d8706a577,jaccard_similarity_episode,0.25,{}
01940a91-9864-70c2-99fe-acf58e2c1e49,0193da46-5db2-7d73-9fa3-cb54787a8868,jaccard_similarity_episode,0.0,{}
01940a91-9864-70c2-99fe-aeb50b7dc56c,0193da46-5db2-7d73-9fa3-cb7ab961a1ae,jaccard_similarity_episode,0.0,{}
01940a91-9864-70c2-99fe-b48427bcd7bb,0193da46-5db2-7d73-9fa3-cb8db14b325d,jaccard_similarity_episode,1.0,{}
01940a91-9864-70c2-99fe-b034dbd06496,0193da46-6103-7523-a02a-9a992a5d364d,jaccard_similarity_episode,0.14285715,{}
01940a91-9864-70c2-99fe-b3339b4448e7,0193da46-5d7b-7911-a14d-be6250e74bfd,jaccard_similarity_episode,0.0,{}
01940a91-9864-70c2-99fe-a959c8f53542,0193da46-5d7b-7911-a14d-be8f4d0bfef2,jaccard_similarity_episode,0.0,{}
01940a91-9864-70c2-99fe-b17b98b5c978,0193da46-657e-7ce2-a193-b1fcd4cf7a5a,jaccard_similarity_episode,0.0,{}
01940a91-9864-70c2-99fe-a87f2f4a8c3c,0193da46-61b0-7ae3-a1b7-b269e5f00364,jaccard_similarity_episode,0.0,{}
01940a91-9864-70c2-99fe-af0a62f9a1da,0193da46-5da2-7c33-a1dd-171e65e4d733,jaccard_similarity_episode,0.0,{}
01940a91-9864-70c2-99fe-ab9288f40bde,0193da46-5da2-7c33-a1dd-172c9402a0a5,jaccard_similarity_episode,0.0,{}
01940a91-9864-70c2-99fe-b236a8a8c064,0193da46-5da2-7c33-a1dd-1730f6570da7,jaccard_similarity_episode,0.33333334,{}
01940a91-9864-70c2-99fe-a882a8b88036,0193da46-5d84-7ed0-a243-3da25cb87cd9,jaccard_similarity_episode,0.0,{}
01940a91-9864-70c2-99fe-ac50e2d4a4a6,0193da46-64dd-7cb3-a264-3fda49cf83ea,jaccard_similarity_episode,0.33333334,{}
01940a91-9864-70c2-99fe-ad246c027b15,0193da46-64dd-7cb3-a264-3feaebc4b9e3,jaccard_similarity_episode,1.0,{}
01940a91-9864-70c2-99fe-af178496f693,0193da46-6499-7c23-a2ff-a737f98cfc4c,jaccard_similarity_episode,0.0,{}
01940a91-9864-70c2-99fe-b1fb966a9e2a,0193da46-5d88-7192-a32b-59efeaf93c14,jaccard_similarity_episode,0.5,{}
01940a91-9864-70c2-99fe-b1eed8d03b79,0193da46-60ff-77d0-a501-09aa1d0ba4f7,jaccard_similarity_episode,1.0,{}
01940a91-9864-70c2-99fe-b2f3d82b3467,0193da46-63b8-7e13-a524-6c7436a93e37,jaccard_similarity_episode,1.0,{}
01940a91-9864-70c2-99fe-ae451f39ebbf,0193da46-660a-7450-a5d5-7a231279fcdc,jaccard_similarity_episode,0.5,{}
01940a91-9864-70c2-99fe-af4f8cb1dcc7,0193da46-622b-75b1-a60e-26427b53e0a2,jaccard_similarity_episode,0.0,{}
01940a91-9864-70c2-99fe-a911955f4f38,0193da46-621a-76c3-a6c4-37032b7e92b2,jaccard_similarity_episode,0.5,{}
01940a91-9864-70c2-99fe-acd5f0100ec1,0193da46-6157-76f1-a814-b65030940d29,jaccard_similarity_episode,1.0,{}
01940a91-9864-70c2-99fe-ac093bc5be0a,0193da46-62c2-7803-a8c1-bbcb6c8ebcbf,jaccard_similarity_episode,0.25,{}
01940a91-9864-70c2-99fe-b1c75f2a27d8,0193da46-62c2-7803-a8c1-bbd6a0b9db77,jaccard_similarity_episode,1.0,{}
01940a91-9864-70c2-99fe-b28f651d91c4,0193da46-621c-7f83-adc6-59aeede988b8,jaccard_similarity_episode,0.0,{}
01940a91-9864-70c2-99fe-b16a25859130,0193da46-62a6-7671-adef-993e2f52877a,jaccard_similarity_episode,0.0,{}
01940a91-9864-70c2-99fe-b418ea180592,0193da46-61a6-72f0-ae20-f318480e2ec1,jaccard_similarity_episode,0.0,{}
01940a91-9864-70c2-99fe-aba426c28766,0193da46-60a1-7872-ae6e-caaf43427823,jaccard_similarity_episode,0.2,{}
01940a91-9864-70c2-99fe-accdf142712c,0193da46-6196-7550-af29-7898825c3bd3,jaccard_similarity_episode,1.0,{}
01940a91-9864-70c2-99fe-afdde11b9882,0193da46-623e-7dd2-afee-13bbaa66b815,jaccard_similarity_episode,1.0,{}
01940a91-9864-70c2-99fe-afab02c0e4f2,0193da46-5db3-7ea3-b0ef-38144e711a88,jaccard_similarity_episode,0.25,{}
01940a91-9864-70c2-99fe-b4d3f2a6e250,0193da46-5db3-7ea3-b0ef-38442a238306,jaccard_similarity_episode,0.0,{}
01940a91-9864-70c2-99fe-a9bc88de7ff2,0193da46-5db3-7ea3-b0ef-386acda92de3,jaccard_similarity_episode,0.16666667,{}
01940a91-9864-70c2-99fe-b2b24c6571c1,0193da46-5db3-7ea3-b0ef-387a9a174492,jaccard_similarity_episode,0.33333334,{}
01940a91-9864-70c2-99fe-ae3e8e5a006c,0193da46-5db3-7ea3-b0ef-389211e8b9df,jaccard_similarity_episode,1.0,{}
01940a91-9864-70c2-99fe-b2e4d0a978d6,0193da46-5db3-7ea3-b0ef-38cc78805541,jaccard_similarity_episode,0.0,{}
01940a91-9864-70c2-99fe-b32d3ae88263,0193da46-5db3-7ea3-b0ef-38e9762050d6,jaccard_similarity_episode,1.0,{}
01940a91-9864-70c2-99fe-af7e64aa9929,0193da46-5feb-7eb0-b1dc-809deb826cb4,jaccard_similarity_episode,0.0,{}
01940a91-9864-70c2-99fe-b2a32ab24515,0193da46-6111-7e62-b1e8-9bf4d6703497,jaccard_similarity_episode,0.6666667,{}
01940a91-9864-70c2-99fe-b08f83afe71a,0193da46-6118-7f43-b220-fe1b070be109,jaccard_similarity_episode,1.0,{}
01940a91-9864-70c2-99fe-a8682e58d908,0193da46-644f-7f80-b2f5-15ca4177a454,jaccard_similarity_episode,1.0,{}
01940a91-9864-70c2-99fe-b04787f1b40c,0193da46-60f7-7f81-b446-aba5e3ad5922,jaccard_similarity_episode,0.75,{}
01940a91-9864-70c2-99fe-adfd28896b1d,0193da46-63a7-7743-b50d-54ca2bee7022,jaccard_similarity_episode,0.0,{}
01940a91-9864-70c2-99fe-abf409919ad3,0193da46-6298-72d2-b51a-888c5d2c0591,jaccard_similarity_episode,1.0,{}
01940a91-9864-70c2-99fe-b1a9b457b6d3,0193da46-64d8-7e10-b6d9-79237eaf78a6,jaccard_similarity_episode,1.0,{}
01940a91-9864-70c2-99fe-aa9a17f9f3a9,0193da46-61b2-7e20-b732-6e1b730f20be,jaccard_similarity_episode,0.5,{}
01940a91-9864-70c2-99fe-b4abb8afa875,0193da46-6347-7121-b783-64076a8ea74f,jaccard_similarity_episode,0.5,{}
01940a91-9864-70c2-99fe-af924f6366f9,0193da46-6347-7121-b783-641263d90a47,jaccard_similarity_episode,1.0,{}
01940a91-9864-70c2-99fe-aee51637fb74,0193da46-61ff-7391-b788-bd194a5b9db9,jaccard_similarity_episode,0.0,{}
01940a91-9864-70c2-99fe-b35c6afd50ab,0193da46-5da4-7f10-b849-f923668c6e42,jaccard_similarity_episode,0.2,{}
01940a91-9864-70c2-99fe-adbd94345ac1,0193da46-5da4-7f10-b849-f93eeb595413,jaccard_similarity_episode,0.0,{}
01940a91-9864-70c2-99fe-b3da9340529a,0193da46-5da4-7f10-b849-f940389b0460,jaccard_similarity_episode,0.2,{}
01940a91-9864-70c2-99fe-a8f02fa1a55d,0193da46-5da4-7f10-b849-f96f2087c607,jaccard_similarity_episode,0.75,{}
01940a91-9864-70c2-99fe-aa1c15abdb38,0193da46-5da4-7f10-b849-f979d2b27ac3,jaccard_similarity_episode,0.5,{}
01940a91-9864-70c2-99fe-aa2098914454,0193da46-6170-72f3-b907-47454009e952,jaccard_similarity_episode,0.33333334,{}
01940a91-9864-70c2-99fe-b0f5f873d9d8,0193da46-6170-72f3-b907-475454744ba8,jaccard_similarity_episode,0.5,{}
01940a91-9864-70c2-99fe-af53d2551f0d,0193da46-61d8-7a22-b9f5-0b7e7f40eda7,jaccard_similarity_episode,0.0,{}
01940a91-9864-70c2-99fe-b2197ee6ad9d,0193da46-65de-7560-bb30-eba77a32906d,jaccard_similarity_episode,0.0,{}
01940a91-9864-70c2-99fe-b3f48f9b5387,0193da46-62c5-7921-bbe6-9c9643d47da6,jaccard_similarity_episode,0.5,{}
01940a91-9864-70c2-99fe-aa4dca6c1a0a,0193da46-63fd-7c51-bd15-a2e3dc3c09b0,jaccard_similarity_episode,0.33333334,{}
01940a91-9864-70c2-99fe-a8a34e932fee,0193da46-63fd-7c51-bd15-a2f101c4f7c9,jaccard_similarity_episode,1.0,{}
01940a91-9864-70c2-99fe-aae94547a354,0193da46-64ec-79c2-bd38-7523855f3a25,jaccard_similarity_episode,0.5,{}
01940a91-9864-70c2-99fe-b143fa977fa9,0193da46-650d-7740-bd69-587924cb6eae,jaccard_similarity_episode,0.25,{}
01940a91-9864-70c2-99fe-b270780f6595,0193da46-5d99-7a02-bdc4-4a00ebfe2305,jaccard_similarity_episode,0.6666667,{}
01940a91-9864-70c2-99fe-ae6f2d6b69ef,0193da46-5d8f-71b1-bebe-830fef4ed65c,jaccard_similarity_episode,0.5,{}
01940a91-9864-60c2-99fe-ae6f2d6b69ef,0193da46-5d8f-71b1-bebe-830fef4ed65c,jaccard_similarity_episode,-134.434,{}
